Feature1,Feature2,Feature3,Label
17.051420601195318,5.667045999955892,20.096541827773144,2
12.91283443523967,7.5772871435695714,19.02705708921334,1
6.786671975423181,9.914605080320506,20.782307664718168,1
14.595221663635327,3.3688668271982305,16.796846577860926,1
6.363878941611199,11.280527736805185,27.509313558647758,2
9.983385211895184,14.016768277975341,21.48856051065598,0
11.410714211620052,6.179726205788546,17.516572835430225,0
13.31578718645979,3.167672876475704,15.692739371753209,1
14.421897837163412,10.04157916300139,10.502858260104004,1
15.460894162915224,5.608508927321547,24.000941103037093,2
16.849245333220704,7.836294289952969,15.179316596766999,2
6.978355293419138,5.784251652825331,20.60668651276131,1
10.141556774490573,7.062928144323673,20.72984214658885,0
8.023394162233002,5.155890235108267,16.447447589295656,1
15.609863451531588,6.1380699852566165,11.10807087113618,1
5.500988965374163,12.451254031258383,24.749932600145378,2
18.638750654120877,3.147101380832189,19.26118946804292,0
11.077409973236602,2.8773261916845416,15.220000803465158,2
16.406532055089663,7.102149433282097,12.182821245751034,1
12.106375636422865,8.025540265750692,10.944217650806728,1
9.300783768843088,4.442140510084019,28.092867715177327,1
16.269387331469474,8.597087034196953,10.162815079274885,1
6.456349151521035,10.627456105384507,16.91190006684007,0
11.185366824680862,6.774359754164127,20.6638519667475,2
9.224584438394336,10.376101424459018,12.21199617296458,1
10.854166708845383,14.917977807875655,18.984461237516083,2
18.066638144136345,9.401539544481764,18.548204807001113,1
6.218676758880758,9.069182121680202,19.459198050618575,1
13.368967475955252,10.162268914613204,29.943406827129934,1
13.213014182446406,14.325445494705292,10.631625932268644,0
9.983046044276183,12.03446065424745,11.916164342429878,2
19.599032203067324,8.113730348437478,19.295472553088047,0
9.294141465168725,2.1858239130045303,18.30854674228864,2
12.623862479606586,5.639555882593795,25.617518512346567,1
7.2192610391136185,7.4138346028118125,21.645492137803487,0
7.946509771841241,13.730470405581901,11.586324583941465,0
17.61230016103518,12.590965407710863,25.083716305136974,2
5.056298047878798,7.572770433246922,12.8312456081761,0
16.739315152313786,8.313338585649127,16.055474032174303,2
17.502165753761798,11.7152382225737,16.692375655112347,1
19.068610077415975,5.693268433307123,10.967600497846119,0
19.58902494872678,3.208594832702775,23.05486415259911,0
17.492345629038958,3.208262526119384,19.496113981177803,2
5.987264088119025,8.861776375789479,20.781114562692622,2
11.056888401995902,9.980386713933951,19.323268397644423,0
10.621902294914474,8.965979148719606,11.477931254337513,2
12.612520201144369,10.860008520116482,23.282644757046327,2
19.668154394951074,13.668470918581322,25.67243521994995,1
17.284853134107948,14.639638394449632,13.560065860860666,1
7.813118661421522,5.474501838125365,13.260066650077583,2
15.470721791232185,5.380446265062542,19.72884624040089,2
15.239161503412028,14.37721148695643,18.2006342764625,2
19.986472216451254,12.201186534742673,22.40279172971212,1
12.239467409317802,2.8305552924059274,20.873533009670194,0
15.958890137684776,12.495838823975742,18.13306197409461,1
16.92773534675917,10.819104968596191,16.409553179279506,0
8.920875208171127,14.318707447268368,24.73088626991868,0
7.416106344783762,10.604448482986953,18.97766786199071,1
15.477547286559016,3.376425916069688,16.790024922285696,1
18.49263760821372,10.152129955699447,20.038276983646156,2
18.727334277334855,6.146543862075129,26.975676829347687,1
9.686735225737737,10.18916595575498,18.55031713027746,2
19.311892329617336,7.9495019064030465,17.196928098968996,2
15.86396149272083,6.280353467701193,12.840018640514671,0
5.313655804911225,13.96851363692021,23.770187660816326,0
15.88318281784456,11.838994750049528,24.068190897319425,1
13.72488842619951,12.016614694451828,27.418519278939346,0
19.31853044576321,14.18153985843385,19.097699217993487,2
16.134979187118766,6.618729638557929,17.659588153987244,2
7.962550817211331,3.9954851675390506,19.13015562105875,0
19.235097624583318,4.923834323756247,16.718727495676546,0
17.875449867768513,11.193316998549033,14.203389588026452,0
11.735693104330162,7.4478410969172435,28.960129078201888,2
17.354755656077558,4.563709829091363,28.987702844716335,1
19.959031704552316,8.042331223150724,29.59697956273189,1
13.461959567079013,11.944841324393398,20.168390021294954,1
13.835023943008505,13.776359032554849,18.27354437854843,1
11.360405238812483,2.5306643966873823,13.886286967594456,0
18.432317962315384,8.643035666277198,24.586441196454118,1
11.665589834385834,13.222141969908055,28.258617292001475,0
13.658561666247993,8.396413563759495,11.021791976516436,1
14.902902875898151,6.881570816091554,25.216499975706732,2
9.536645664863157,8.579204356005725,16.520832091066012,1
5.344365717979409,7.3678591091154235,27.2874640872509,1
17.5650405972443,14.584532360148035,27.44427644302953,1
9.792993795109933,3.985902112168972,22.759432876910637,0
10.632828891820742,9.383589008759962,22.66685487283521,1
7.725854352272219,7.262246680465142,18.17658323107063,1
17.470277302172747,13.021966098879632,16.939942248442375,1
7.773114309615526,12.44263425191977,28.072409197119516,2
19.54530248106144,8.739044058822273,26.67646095454232,1
15.446684120609866,11.382487883704547,29.44795247099544,1
14.084937979366208,12.19170043544562,20.00420111011377,2
12.440099216577483,10.098799429356829,16.26596540760518,0
15.633265693671495,8.771962938521433,10.023423019240504,2
8.906627906022017,2.5446055237235594,17.444026172581978,0
14.79012325453865,3.204223800676416,24.285362456337403,0
14.344604339621876,3.959496219781748,15.290211632493317,0
17.541400049073562,7.037864712984312,28.161582186635993,2
10.35854602763603,12.496710526102143,20.390033102863743,1
19.31830603181088,7.299337409646858,25.223615219165545,0
5.950400417877454,12.180747791537804,13.183770142645372,2
18.00703641685198,10.266097096834153,15.501641977735716,2
13.272125084359526,4.173628718182036,17.11641790405599,0
18.34380647774686,10.443520739333993,16.960613021110035,0
16.202563924476497,4.965368787719481,15.469570924486828,0
8.11752849030764,3.245546378698503,10.778208530549438,0
12.3235095983594,8.11239831800767,10.288512184756291,0
13.86308494790773,11.195845880233326,18.39592872077903,0
18.063094384053286,13.62587356990646,18.348175554429133,0
16.989384490466563,4.60247585656383,23.182503846463497,1
19.318028253861872,2.6000266902762963,12.711367706225616,0
7.600289675831477,4.092719286159523,11.31833465037937,0
6.602555046346874,8.161421180176646,29.991591490115226,1
14.407390978170737,3.9865665666900525,12.266725953305233,1
10.615176736076624,7.5451247595883215,15.112058267833639,0
14.780094111569312,9.54678636117399,21.757788469091317,0
15.298583962338629,9.547859209217584,14.935837981207897,0
12.136924845728336,8.28165982548959,25.454790927832498,2
14.987221620169763,7.587579365107879,22.89236572373423,1
19.302512442566204,10.52719164059999,12.489752893147404,1
7.723171187066682,4.248801040171695,12.634923079285391,2
15.503160301784764,4.595946685429164,18.320101271396013,1
11.710043961075485,10.628908363440209,20.910985539956926,2
12.86781414859321,7.895598935456145,25.689772537640877,1
6.385322611085586,10.794658042781695,27.37893419903672,0
15.081622557297823,2.1835876117582824,16.92138468996514,1
18.70202699497073,12.883818931195522,26.94512616950092,1
9.973095698810727,5.644788114016166,19.605865916283314,1
19.534858635911718,6.103504550100647,14.17120411788829,0
7.611491961521504,13.470850848274525,28.568978220923558,0
5.83895042059608,3.1363926030428995,14.521269479174475,2
5.911570200764469,4.384418580263883,22.579903666340684,0
16.697505590611577,14.838024270972024,19.81122853991385,2
13.47202422884767,3.1011061986005934,25.384083101653438,1
7.031697795522126,13.318394769993752,26.349055682622105,1
12.246579236072979,11.360660783533586,10.62961242005823,2
14.85323632977334,2.8082168591795273,10.044710045335032,2
19.011895959922697,7.07255375090427,22.467536029580337,0
13.146859263853063,8.11245695294405,20.341593403808318,2
9.253144219548233,13.386770169009276,25.25969299590862,2
8.279156286131553,11.347284310581465,17.322249332221794,1
16.135340159995977,2.811244185721885,23.950785349028983,2
12.462168697892668,10.685332798097873,25.854536576310053,1
7.495904362472848,4.102774667103439,18.433180863302567,2
19.38862742847605,8.07556593637911,25.83991731346735,1
10.381460857399219,5.264494043704021,17.077203015626345,2
11.005442898517327,13.090389564728484,29.425628138882736,0
15.29565758149402,12.581663607370206,21.589189543974992,1
19.010693040028613,2.371237468933176,18.35043817157651,0
10.773344214535541,8.59425064504563,28.82660650135809,0
10.272083757486502,8.137672671817306,12.840288037059915,1
10.585032771496138,7.055705636770866,13.382930390155414,0
7.568477259656266,4.648360546416741,29.51528580978705,1
7.677103152515835,11.75562559807938,10.436139848933568,1
14.634295457781995,4.95211873117996,24.908222713658503,1
19.628302728689153,6.238681158632496,17.570020422377894,1
6.1015887424385,7.510770585769156,15.557647688505709,1
6.963010716942874,4.268533500961227,26.16640541795801,1
17.262682180499347,12.445374259274383,10.734377434891837,1
16.703517615017873,10.312889838329866,14.070531515064136,2
19.70389593361383,6.830841136830143,12.145995364679752,1
8.156980315288733,3.914485535761412,15.040693014186013,0
19.02051760162201,7.267306798453529,25.240283571028854,0
6.855963606628236,9.285961806483957,26.87896660522999,2
15.472035652356029,5.244312214800615,11.086930942335504,1
18.72461299343572,2.2860178111361233,21.746138937349837,1
12.826762201531544,10.386613006521094,26.732938304289352,2
10.982267296613305,3.3388865662601326,29.057128938439845,2
16.58851196843333,14.313828503551669,29.136661738153546,2
17.35205040872445,10.404125620015904,17.16171531535082,0
19.283446627662567,2.2799011028500398,23.238822155960225,1
6.022835141704262,5.985688370852504,11.388892771011697,2
7.875203020639788,13.085073491315388,22.094641157108903,2
16.77127990893569,13.744417691452554,15.395105512934268,2
15.135853463795549,2.018220741946529,25.017241371777562,1
9.07246881136083,8.918812695375642,27.271307110640073,2
5.0264172673374095,9.064432683724462,20.112417166691163,0
13.909357802389232,13.41934594932701,25.241829250919107,2
17.302959911323548,5.785346556535309,16.650079707699724,0
11.917428928792233,8.80899385654798,20.85728710103362,2
14.869831609230511,3.454620111487945,16.029164859857445,1
12.75104069880151,9.38273195173618,12.767104137719002,2
19.345739455180258,5.514434934371819,24.87089010292368,0
17.31894876508875,14.874175334973712,17.671870731621954,0
10.98327005249455,11.008816705642987,24.77903893825745,2
18.400198800395067,9.700992370276111,11.481437001993012,0
9.041917738007804,13.502463923088941,23.44067671375194,1
13.137703014760923,5.102390666178039,20.047266623717917,1
8.78725834408571,11.664055575852574,18.675031847735717,2
12.934953373092245,13.789523847010667,19.367227954459082,2
12.318575719915428,9.216516391776963,14.301340296972933,0
19.668429795347272,10.585428301302876,18.590106153241067,1
12.7387554897541,5.836158866919302,25.27332581953296,1
9.548024905956018,5.525679467052384,12.392707770898673,1
8.295174516665938,8.804416520788996,14.43953275666657,0
13.38159472893808,9.097789175237317,19.589318586223857,1
10.752324806635343,9.496860706379953,14.319417290376004,1
17.83818337164456,7.70589135145847,24.16395560967006,2
5.878986017905437,8.966604929824069,18.046807009272595,1
6.301973714090842,4.327365904977033,13.321281563819511,0
12.51564392721987,5.718608584525633,15.23404775263385,2
10.497119424473496,4.348185117520319,19.09499467509935,1
16.1699379435368,9.212126160344727,29.546416900414464,0
6.562490262786005,8.637822793828835,19.735427128527398,2
19.3884162454354,6.098019124521108,15.734039376067878,1
15.262773185164281,12.773205870712877,26.179840727325768,0
5.619485816790466,11.37028916708822,28.326569963483355,0
6.256820844699662,12.22444944263548,15.019537688665647,0
14.541361678516514,3.0665845579981177,18.34386035749918,1
16.62174576879428,3.0830739341746045,28.232444047667457,1
9.299871152870573,5.854143747655027,28.239582002901685,2
9.485356464616698,9.84256923980524,29.47539751223173,1
9.059699356304334,9.231362422734119,15.471244099361856,1
9.183305784778799,3.177749219919837,15.73592496543358,2
6.156475667916709,4.558374751654493,22.73584497270584,0
13.117108809026098,2.4849722347987004,16.711622634736976,1
5.078918457112936,3.3358388717532015,26.63722651238657,0
16.11981708211018,5.922604768405792,16.132857985380788,2
17.655021657064978,3.9104934673680827,22.219299525209742,1
6.6167744880035,14.094082798339631,24.827998589309622,2
8.995845296386104,7.883284030752515,19.731261992808257,0
7.41723967410331,6.870418067965729,20.925633424972474,0
13.391112264609438,13.627755268398712,11.164066306662706,1
19.323483357194277,3.990841303148868,17.479218024130148,1
7.8693423972281895,2.744844016046126,15.68932838529231,0
19.034546803271418,3.2041031089801897,20.742002461342025,0
12.706882007190817,4.497425576607148,20.928352720226187,1
8.876641686160069,5.23525634560004,14.716209363678672,0
16.668063966778597,9.153698823214683,13.02575462067442,0
10.1531570260378,6.7597248877302745,26.64918678759461,0
9.818551922211983,9.252775968992058,23.57609961986949,1
17.459682212879407,7.995793280663205,19.477866173134892,2
8.366717678132547,2.7263721010031796,28.947617981596057,1
7.183014755380181,5.85557322451265,28.532251501422085,0
8.607204950133863,2.2032397351794124,19.362989452862994,0
7.737795337468105,5.7794051836104785,28.25425941037444,2
9.019221852318301,3.1274735142711347,29.580014165076136,1
10.253738615715449,7.1337663679741254,27.127746639736976,2
17.295227583645655,12.163318100449775,18.33369039253868,2
9.745937696587522,3.0642592007288405,11.336132703533703,0
17.589406051203305,10.373399312318227,25.297789014072503,1
5.576121414018981,6.025254529937728,12.170506956194254,2
13.689679561623551,9.284056910536833,23.097493844914354,1
13.89099161514766,12.696481304542791,29.874813974693502,2
13.897196021954347,2.1106838021917023,12.857387247054694,2
14.772755415553954,13.21355049578277,24.300148123150315,2
18.395533774341736,7.744539668444149,26.152007310888095,0
8.025812500123646,5.831818874097275,13.933214218879648,0
5.606875683052657,6.195572822871377,13.127902414414628,2
10.06604844502693,13.659289753950183,25.823247647810206,1
13.477098230166577,4.237875335237796,21.186306093989987,2
15.963536985901966,5.334076450951347,28.60635542694451,0
17.281718798423604,12.173433053622349,13.214320997439302,1
17.451998162363637,13.26432253308329,20.81674032732076,2
6.696410726922746,10.091471192121817,29.494889976087237,0
12.425441806498844,14.563725803917622,12.287933374279794,1
19.85781019699448,13.5204437306241,15.195856790282491,1
10.869533932969976,5.333878461863703,24.130950913015393,1
18.305820475911442,2.0383207848854337,12.32617749570123,2
12.648034180688025,6.918395492622323,11.06969211168771,2
12.085906443481447,5.495678338286776,12.117112496570828,0
5.783989164031606,10.83113364209855,17.83922949628945,0
14.1445118711991,11.490469510171284,19.788321352579942,0
6.267102567606357,14.100038512975107,11.70998181459307,0
11.310120563442227,3.295674678367896,21.946879156764368,0
5.9848660352694525,2.9136624025437663,11.522269152170093,2
13.930831039377667,9.30789721943189,22.664379925847435,2
17.97462505611663,14.270327665835499,26.51911327524421,0
15.254055669908174,4.9252880514961035,19.919891603202846,1
5.8535294737869,2.3365668874799668,16.748766846159725,1
16.09084717964956,6.179810459804328,20.386851789166933,0
18.221272035073827,11.112956079772294,22.05413498368398,2
19.694236532823687,3.7845345543205897,26.039900614011938,2
14.011341989574534,5.562508282583828,25.175931191441226,0
6.8191287910074685,6.6391051912991355,19.562243103619537,0
18.980591140116623,9.607774386058638,12.662146890497823,2
15.660824888958661,12.570297417183655,17.94223845426866,2
10.481290752983352,11.876904252750338,23.213071772292277,0
9.3094987230174,5.435206560450493,16.946178726709206,0
14.424481647269221,7.637593737878708,27.598805277811824,1
10.21102149474529,5.650088173381969,11.130456231817117,0
19.11395337353809,10.176736165337067,12.636307866908666,2
6.226960175779592,10.813003067896915,14.260813741049315,1
11.833270962087447,5.894024103157754,12.150848880512937,0
12.232393024370161,3.909204118758615,20.410107814314213,2
7.704583106002657,12.306789291565588,17.690202372186402,0
15.627845312476834,3.373182507615301,18.083783026360685,0
5.659906772872944,11.517197935461962,29.378405241533798,0
12.821793390954667,8.859034931031745,23.97785190053643,0
16.32146698807309,12.809747057325628,17.709481398017424,1
16.894941586959575,11.806669904092121,23.369486989337744,1
5.3435323246559205,3.291943512241733,22.230816436148718,1
6.971207532126655,3.519555041589719,14.654523611994335,1
11.620449221731398,12.322486666044796,17.90368641769414,0
14.910287420328773,7.1908823257594445,13.85685397409613,2
10.47327676297358,14.289044364444244,13.322344776634461,1
10.991869369266304,2.0596186904041107,22.262350793217134,1
9.277509736975016,9.136959151561124,11.084771204686552,1
6.828009806656397,3.2254408919573074,15.880928541127092,1
18.796017033045555,14.508780756651197,17.171857061289852,2
18.85101642204901,3.8424008253711985,24.954042344645575,2
12.195140804042385,6.868842821243702,27.74483601578642,2
5.742760137879281,5.461189685941592,25.011413928998405,1
10.35437094686379,10.721039217080742,29.413213215973254,1
9.835085472628535,2.9991265986014577,10.830161752550904,2
18.321576768963997,14.982465570515428,21.518138423539884,2
18.393602277243904,4.691830702096199,25.858862755349463,1
9.874962293012596,9.321936098605693,20.554856309485462,0
9.488090563092324,5.567250012931774,13.030522794920456,2
9.627699071350964,3.6134402283011906,23.909942564377815,2
10.44944489274551,4.5027850229473625,10.396218339212842,2
12.48900804128779,13.125252584973381,14.349659662482296,0
16.347549218984717,8.461206584759228,16.518321106380327,1
19.535623665924206,10.49421265991121,24.327134404940495,0
8.301869146685673,6.648650881120704,28.966985134170905,2
15.328890972444968,9.176447753764513,12.478311740992957,1
6.202390123020967,13.446392334292423,17.797229859932294,1
13.722119354260364,3.099830358099529,15.27764933068023,2
14.352770404024932,12.88629139602586,10.877517271802619,0
13.39663789763332,2.082993772234037,29.384528751892155,1
16.99681707301898,11.469032096810535,11.14576076612294,1
9.614232922285513,2.4341298068226056,12.93425770378512,2
5.852272359835393,5.663973583365696,24.09181881682183,0
15.722253114981926,11.914334290333963,24.59355348106442,0
18.650725447797733,7.219446134866086,12.522212609954957,0
9.689775014657585,8.687365983246735,26.123835569924236,1
7.262796585988511,3.9513387977197723,25.901308043508735,0
12.504005725940289,4.133713642991944,25.26258343491588,0
6.598880307505318,5.1527569751139914,21.860462166842666,2
9.950696282993404,5.6983463156771945,12.51722539583222,1
7.715447980867458,8.32463931919872,11.703287725604927,1
5.827853634501466,8.895956060005297,16.18491216355242,1
5.145960898296172,10.0482961931718,15.158210523538898,0
19.719310974578512,5.674273046319341,15.43931105882551,0
15.840990493077225,10.976563219539939,24.607552924486594,1
10.816231714101313,7.487691819538352,10.260983547412907,1
12.867188352908256,4.815430098713207,24.038165696609763,2
14.921595757432259,4.794154564620166,14.998989837888981,0
6.318031106757263,8.496102636300385,21.00968318861213,0
17.40191388960156,10.023488081966063,24.738576072884776,1
9.544028418173399,10.505728493558928,26.29640411011442,0
11.140645248187116,11.009582922375166,14.886010822993597,0
6.456866828823505,6.051411659712078,22.031308080625603,1
10.630787758778348,6.0038087023751014,27.24656179069545,1
16.250425195184594,4.034342760180689,17.672758055717825,0
8.646223468766806,11.36115475006906,17.609137149337197,1
5.285048909924733,11.57644464786436,29.220629323783058,0
15.892208937908453,11.558409375938066,25.504068138532915,1
18.783015435268247,14.924507457322584,11.291047055080977,0
11.404617608533853,7.375127750769537,13.348467083864845,2
19.624495781495007,13.4632592566515,27.54578666598674,0
5.871917493297024,4.349956468920159,19.445485551341612,1
16.020239379411347,3.3443293388528783,28.074420885968784,2
14.087787503634289,11.616512821939565,16.50570386895661,1
18.913298455884934,8.448967906776947,24.704814307922554,2
16.273212574102672,4.189771547669261,19.264268558757905,1
6.387282754919433,4.530865237777183,28.36688176713209,0
8.25049067376134,14.798361844444944,20.28095370286964,0
5.137395142291671,12.421480554552273,18.888343495642207,2
6.367621724645954,2.3275950071277274,11.162255878494697,0
14.105203675065342,2.1963287711660238,13.522801287138282,1
6.131807612152647,8.584801616023572,22.712966049693136,1
16.23528654623766,14.412714623867982,19.48153651400347,2
19.38524876902678,3.47453842375581,13.082744975909687,1
17.656119762898214,5.529489138905899,21.00402547461177,1
18.818833671235964,12.53648775809147,23.521625305185765,0
12.344998925450522,3.0489679029289487,28.892515201419986,2
12.186467134815409,11.211463734880505,18.54903674814225,2
5.725219154076531,9.095381464624877,25.323278922776062,1
16.77202443758111,14.296075712078455,27.21513318283586,2
10.370567859878474,6.267803765813636,20.726765331224264,2
19.970171885771492,7.3759630574500745,10.808632129859328,0
14.978111311264504,14.743512675062677,18.85562613193722,1
14.77026429337356,5.080590863540088,21.22882474134756,0
8.987141790178377,5.987482648174229,29.032697755806854,0
11.638933076077306,10.246221443167157,16.03038389548331,0
17.433370507614697,9.273522863382873,10.859039657612186,2
16.703018151484958,8.957213493672093,15.972318705189776,0
10.15096621288345,7.414702616471266,28.65174902106609,2
7.4471904849358515,11.13780306060471,10.109397085436061,1
7.733858083386272,6.876920689158386,10.050942453515159,1
5.792476419790949,2.0563046540136853,27.576310516753537,0
8.761336259546741,8.766369706702472,15.847163897097982,0
19.762180345857693,12.62087550635513,21.902110988504923,1
9.590728000337243,10.613406281980005,16.082761391419332,2
8.239679135154864,10.144012593835317,21.60787202849818,2
17.53252310296302,14.312967279997062,25.491651372746926,0
12.28217106356892,10.446648670678846,16.500331176315974,2
10.576160536230685,5.68347665233244,19.113489167930915,0
12.541951223389045,7.892308609415863,23.151054800896034,2
10.658652187492011,5.657887756897276,28.87667526631129,0
14.785858914555284,2.0027934455986127,24.49047781742813,0
9.470688962935682,12.991572692453783,19.859331410319566,2
16.952671934823282,2.662683357997026,29.425468753075606,0
10.159719933619733,3.202371195898137,28.861637378618198,2
5.172549062323453,8.387917500352989,14.450683430106459,1
8.620550526913902,9.36652418629955,10.680497027856957,2
10.256017496950458,3.148545616598122,21.196757731376927,0
8.083435297706611,14.87052720001933,15.643449016846702,2
16.547086770026134,13.695547973017018,14.716148035747096,0
15.867832485314802,3.71304381343874,18.282021980952386,0
7.847033308216583,4.180839457672593,13.565335119308,0
12.375664837078642,2.6620050798332167,25.97652732895928,1
10.039740123094168,7.09876264365088,11.942120350020602,2
16.546582776910725,9.82249204048071,29.922444642815336,0
5.008199436563977,3.5422716697367567,15.06299596033671,0
13.241728589691062,8.928869437969736,12.864052006230999,0
12.104492235158487,13.101835112198517,13.312815846065396,2
13.371115250873293,2.9220389483142912,26.69935371832911,1
13.204133386122697,8.163733492023175,14.090080218481347,0
9.708432297172449,7.821989465155523,27.799006019355975,1
11.318105115790686,10.35725676790081,10.393072150117117,1
5.095662301846897,11.521718064069201,22.238784686818157,0
5.022627757939528,5.468874779903684,26.288857751360556,0
10.16488656248075,4.499234966164387,29.341580541858125,2
5.134297440033322,14.753798702772333,13.36456809981737,0
9.8156817400389,5.086522029655184,17.15949698780865,2
19.58270741146118,14.971434643146598,25.536576286475558,2
13.819279375927259,2.741865307578039,15.535913644157556,0
9.700747923790765,2.6749913845059954,11.626875169861888,0
7.7328265404289835,5.328107808312533,10.785402179298341,0
18.617693984631074,7.4139207170438075,27.771128846109367,1
14.017958402416198,2.8496872500384414,18.650929763151318,1
7.528133152559884,8.642917528100405,24.84499451345759,1
14.386440158901637,2.6404444111998386,17.828023939480538,2
14.850681208701005,5.645341911970033,19.288223729995043,1
5.693113197336718,11.78963898311354,28.024948468321707,2
11.553761095689781,2.647735525714003,14.013517853873896,2
6.808123341478869,2.180477257251211,25.844794410869923,2
16.536370439049207,13.820425432591888,26.837525238367178,2
17.370662927865798,2.7238027175784225,24.895154574820317,0
13.165566076249734,6.16982456093288,18.546212517278033,1
12.499319677763166,2.872628045121919,15.782144221522255,2
12.191717238172474,13.546892045900567,19.893550591088594,1
12.55554475071726,10.413275696462613,21.950333782405473,0
16.592413976114422,14.132273903211747,12.959607695241282,1
12.654533893196515,13.079828960869289,14.187375043191533,0
10.21333199374676,13.18265711298106,17.24624924669135,1
14.68623109694342,4.815938953328356,29.188663179857492,0
16.095948327977165,12.753805205707652,24.07481002250197,0
15.963220549199045,14.110086904651716,19.618397246558594,2
10.308790231546869,7.856752839286087,23.3620923817588,0
13.263748105225284,8.727222657605514,24.22313669584213,0
8.95524784514949,8.838634129457262,18.37216310369542,0
18.346138359519863,9.948941406789128,26.37823740045259,0
15.5069454228278,12.173427233764581,29.45223246233654,2
8.705416240705283,5.572779261472221,14.004112683207062,2
13.233582315160692,7.244638264175917,19.10192665323413,2
13.48249978801335,6.108175482503459,20.7795512110351,0
16.585837393978498,13.66237857092388,12.86361310127841,2
6.9302719696900645,3.329326486611973,10.967322284775928,2
9.299632733621891,13.993191516082128,24.738534087763266,2
10.3146923976242,11.804792006790453,25.157015321817063,1
8.194730585452373,5.244365965470152,26.554465764983615,0
17.554974704716827,7.689253646314757,13.207864283100527,2
6.7727560097064465,4.4245189177183475,27.150098874788632,1
16.36554136209454,6.6076071181051494,15.523606144572831,1
7.346434879568701,5.203961782743145,16.087916502529872,0
17.65591293512361,9.55879821292323,15.450989392644445,0
18.837126176027628,11.09177743650987,28.623448859835158,0
11.488660061911915,3.2531023277675866,23.306410554395725,2
11.439086323091406,8.426660033327364,22.39324052044498,0
8.945997801188327,8.403604030642322,12.718759843783765,1
12.800737887240121,5.8098494690664175,18.70055277751115,1
11.152071121277382,14.484489849314325,16.505862655785357,1
6.046966919543857,5.843299721538304,11.304679817492858,2
17.842221640011804,5.522835457119243,10.079889483843157,2
12.300019968541285,4.4026429103656035,10.576404344568974,2
12.314935446951026,11.766959491995358,24.459804405918902,0
7.952982062250942,2.4256326895402465,21.394085341452147,2
9.966423211443473,14.043042000485661,26.189128827455622,2
13.495734642972618,10.057007883464362,12.780627084662415,2
10.034272952643818,8.36096352852777,28.754639816251224,1
17.039155500630972,2.9677745904316484,13.4483462219672,1
19.94944231086688,13.597507354399086,16.12479749243197,0
7.677588232529633,14.884511601013951,17.208436422947138,1
14.514558137725453,12.711480458784331,28.03055330788872,2
15.137370338885892,2.4216219574122584,28.506695291085332,1
8.342614796662254,14.610858489467782,11.06294319214536,1
9.845519457063045,12.6560190669915,17.528533212995946,0
18.904913058187148,8.330960116638312,14.06734290008734,2
10.069091258813383,9.639191971326156,28.373462259241734,1
10.931551258308764,8.717819240740521,21.860040092489392,0
19.45553382907371,6.204843239213315,26.465033821099556,0
15.270876973708367,14.696290478942574,14.396045933848772,2
8.88120668593741,11.44124510056904,12.517639009914436,1
11.417926908819418,14.241707780792304,10.088769079319441,1
13.631976599972903,4.78280661808796,27.472518197140385,2
15.262001571158121,9.517642389250515,18.137145447758044,1
14.159568188450923,7.76793546553924,23.67747374467509,0
7.827392089901255,5.068463889696654,23.865247237866967,1
15.729927104971901,3.8196325148723,22.948818793773512,2
9.293032133957508,12.185971724052935,18.36512211137822,0
13.379495491408512,13.06969922939161,12.555836469791625,1
19.83161419248092,5.121406602523613,13.028174375740258,1
10.533627713604613,10.953887428914886,10.907119861912024,1
14.084624543660265,4.8395161465929,25.12466436751441,2
14.70317305532771,7.4664598527441655,23.218004437157056,0
9.86245056267541,7.102639357177844,16.391027871372664,1
12.502221402850948,3.440551632837082,24.513969735388066,1
14.962077865378019,3.040656105039496,27.594926102379773,1
14.854993880367962,10.41289126714658,29.250767403062696,1
18.39776235544992,8.262092404611995,12.641172379340716,1
13.667244241705719,14.769031445336045,27.919769872801336,1
8.405945376881672,9.79595284867788,22.880452426852642,2
5.466406145370396,13.068616927352359,13.370675244464447,1
9.869307343271187,8.794104874258206,21.024567272176732,0
10.511923782094094,6.064105811757548,13.395832801282193,1
6.257872070845428,4.422398844024054,20.82812397684387,2
5.659078494215859,3.6610769102461096,25.128245477800046,1
6.216582327745582,12.477272832919724,16.05022465625604,2
7.417261266728092,6.642446784555285,20.424605853248906,0
5.491587251790362,12.90488098995709,25.904509317511835,1
5.528611980455111,13.911670360641779,26.43544683270131,2
8.03740209946126,12.906596015794019,19.16400361202286,0
12.92174974607672,8.520121544613396,23.170206212345718,2
15.968586952777972,2.4584829649557065,26.63833580412408,2
7.316209054718331,5.125552161577513,25.017905800991898,0
19.325922060675765,12.953464028644714,15.53607245656875,0
12.016900818075165,7.664292662081544,12.952247476630681,1
14.090920305631192,10.554162984064396,28.41991061036487,2
9.288687663422845,4.963771520809539,21.275189199602952,0
7.11341995714855,7.877356047358511,29.11077462848105,1
5.349712297606539,7.998082413181022,12.127081604809216,0
15.962549573680775,10.561280974172208,26.1422723598942,0
12.31427846872633,6.123147036566015,16.61995475453017,2
9.696544688800326,2.7770351933211574,21.83800547208925,2
5.783198864044101,3.3034305341189683,22.832953046670827,1
7.538723963952901,12.969675573773227,18.67935258340674,1
7.103904401530852,4.478110014379052,26.369459934533374,0
14.106554934127495,8.080887030954415,11.736097400603288,0
5.146419389394245,10.095864271492559,19.097581471637355,2
9.25917787508644,8.445072249667232,26.697599976732537,2
8.873008726309138,5.438703725562242,29.503807682293647,0
16.74410158069727,2.272090320918862,18.872923174687873,0
10.789375168535424,9.772544538984167,14.800941404409535,2
6.769520358446599,6.26328694825707,11.396818321419023,1
5.711848142365433,10.827620031482905,13.158922796465248,1
19.840110837502944,12.403331496641538,24.106791056143937,2
6.530174069629319,3.6064770988316877,21.99972656399291,2
16.05434678148565,13.678028474729333,14.55788221444169,2
11.513147380454493,8.115855014592123,21.604434865037376,0
11.389599233480212,9.488351103091313,19.957579373828363,0
17.251064782279315,13.207328605400004,13.60330043436063,0
17.897129551849332,5.888442763177082,15.345422258349464,0
13.235803887361996,7.582041675853349,10.120780498425717,2
7.256306061084889,3.80742925412421,24.09367383965443,2
11.573277144202063,9.993978944945265,26.730143815472733,2
10.550801086089326,10.212046964553965,13.845200271526508,2
12.212283670036577,9.644158159335435,23.292060380792933,2
12.65630264138968,8.399064487779306,26.8275654723949,0
11.15395115113996,11.33621581919489,13.071424842205454,1
16.219439217219637,8.816709168135418,20.60329433482135,1
5.564120982029833,3.080749483066478,25.766807640368167,0
8.923167944630467,13.131822966414314,22.47836494962584,0
18.026325646882444,10.109292904250399,26.3933425740635,1
5.624511193397657,5.266803333631927,14.49194763062975,2
15.179557676972895,13.663931581980044,14.29405240985557,2
5.097704091290835,6.4624723777534445,27.12242712540613,1
17.271613040420057,5.6361434941208675,26.41341052447004,0
7.728116258173909,6.810728097756959,26.83693870399131,0
12.089700287718728,4.951255851126819,10.275468325783345,0
6.688509694751908,8.559980034205996,26.546053921064306,0
7.310092021308787,7.665604156133219,21.961878332189055,2
18.14699346753269,12.91903792326851,25.28444103090256,0
5.339106098751782,11.179840338095158,14.390240392385117,2
17.094018805145758,14.715234749464397,16.8209953345245,2
11.87951860311608,11.273017945503252,18.010273263724947,2
8.122096404104234,9.444150562336006,16.097077211079178,1
8.150525802558803,9.693868929452563,23.997048223127113,2
19.53204890291456,6.225337294175444,19.00754644786319,0
19.19349754435065,2.9809280902194555,19.81353922428867,0
5.981671612004595,8.72030086682532,21.911732794911057,1
17.927449466474776,6.462928322696333,13.381500183737487,1
12.07014957983719,4.949220111175768,16.96158760604714,0
12.896547314808487,13.319535529837685,29.474290587806472,1
7.055077618280596,8.76479892780869,15.37387607496511,1
7.103051193281282,9.291088498767909,17.35445891767001,1
19.848177635502708,11.918872778351343,14.903117935398233,1
19.82086233647774,9.024418264645266,28.41724270851587,1
19.974615470356703,13.163082965522605,24.70338182962896,2
14.59315433530497,7.911748055897169,12.077782142568463,0
8.528998945375779,14.128684816704016,10.82814676930642,0
9.118117351981928,13.967018993322803,16.587983389084524,0
14.587712353136173,2.3243416361367726,18.688693442893214,1
14.066054543531807,11.535231230289426,20.968577587934778,0
8.253425493386473,7.399071798120076,14.645818745001977,2
19.824222843640904,3.144149158149116,28.984280274315427,2
12.799719525014698,13.334657489223808,27.96401026924222,1
5.30271371783466,14.621535845341302,27.776491933028318,0
16.242798253805645,6.303062450382736,28.94363330826582,2
13.061540271970776,13.179791402362607,21.20714814854879,0
8.187330792555866,12.717208735494697,23.334899642485468,1
6.72511320540973,14.615518619804355,20.359273892206488,1
14.151250574545513,3.3438326545607557,13.306237719429536,0
12.353803160576435,10.759372786725091,24.897755527281127,0
10.874420799454027,10.502177092322901,15.127513688375094,1
18.089291314032664,7.426360100744337,23.495801787091736,1
10.049316038046223,8.328206263279089,16.3758515142097,2
16.23857976841762,8.076874598780151,22.81528087032865,1
9.61255186770311,10.08034511053924,11.866969740029944,0
12.015399160068725,9.476041672269606,23.31056103599296,0
15.68327876206441,7.942059969141345,22.72014176628123,2
17.583231000035504,10.081827203322899,22.98134323236612,1
13.203865311175067,2.499539312190926,26.309109221456982,0
9.866242851660832,11.881786500833261,26.35995150563656,0
13.925986679126288,2.2868964169657184,23.872521527144393,2
9.49240550391224,9.103403311965973,10.966268616441678,1
9.573747034669111,2.514778807024685,17.303534514424808,0
10.828009731847946,10.818652584246795,17.382265119461096,2
17.562713900649257,9.88615128771151,22.868060543371314,1
5.768187381254478,11.381184974779435,13.78893301439719,0
15.848364021669578,12.0099561875478,28.90784165236266,2
8.202743909773986,5.9267879631153475,16.178566215454214,1
6.481643586371666,3.230059489741004,27.577758481329436,0
10.61809328560053,14.3155619277831,11.077388100481329,1
5.462468645113853,4.45755627710888,18.642999751675134,0
7.104280391242284,5.079020531367517,19.479787547772098,2
8.793687335468526,2.1338830266464863,20.54284484040153,0
15.81207623208958,2.962826770377441,11.179508825262099,2
6.514759874027462,12.23329784725323,19.69666915056191,0
15.700395108380809,3.876478306494643,29.606541574934866,1
6.154967476629285,12.008871397810761,18.660035410184353,0
14.296254076747257,8.409633172982161,14.71859859238521,0
18.100129398161265,2.0817275333722525,21.710742763529844,2
9.953036427188161,14.882746528106605,11.690313362702033,0
17.057235382281966,4.363910205406595,20.025419915722534,0
7.408298463506501,10.98227212029408,20.514936909731812,2
14.53926282234937,13.484466057197634,25.722077172432993,0
9.054665197889053,5.4566373886446335,20.63363316845889,0
9.329434711339152,13.062409133143325,12.717619004230627,2
7.559636418326097,6.366254551660255,28.798862630673344,0
18.9508919126708,3.8201889668797895,19.480058849070225,2
6.558663293766084,4.802419204081783,26.429874635184326,2
15.21311073685888,11.459026690620812,19.09152876016341,0
17.586889982477985,10.645744878298178,17.70604203765483,2
18.52379808707465,11.914594402592368,15.830345324180762,2
7.159918536584966,2.0332244719913426,13.80036798789224,1
18.276345068792743,8.304076896452665,22.32535644493808,0
19.98641765896592,6.806691810025043,23.28384005172495,2
12.372954100608673,7.392275691820059,25.044596851636392,0
12.365114264009284,9.98924436738499,25.950546055941643,0
14.930774454519923,14.673848968730296,18.12061558670091,1
8.392701149493272,3.417868056233583,19.099679467592075,2
9.193704087464585,2.418341241329256,28.79437213393582,1
9.194463658545825,7.388826096336873,27.08989226172673,0
18.57566907753362,3.3434600285754486,12.938295288380866,0
8.11645480849755,13.26230251093475,22.543240717966665,1
9.21947835844944,14.827376805117488,11.83682737211375,2
10.166693673544962,9.405194982043493,16.995382808105372,1
17.996499651590213,2.72254095236666,10.333876382532068,0
15.988359843632482,10.999654436756806,26.677557157179546,1
18.361846847492295,7.604053606501341,19.949745492196627,2
8.728912742162803,11.529891180459515,17.86143745710068,0
13.606869892749687,13.487997675101209,19.179831694446015,0
19.226926191046033,8.754220633333702,27.08776084807516,1
17.16002814687949,7.74777628433103,15.032939036151046,2
18.97039025490092,6.0832456431029245,10.00506076920683,1
16.10754547971362,3.776877004278929,15.087476578455888,1
13.180931994597005,7.581849127605916,22.25471707011514,2
14.973090055085454,11.40265555651869,24.84753684307159,0
18.262114725040725,11.341756222888392,19.57833775817737,2
13.092565082975453,8.204295785740669,14.193164171179832,0
12.063426909973185,12.475781179043715,17.822618662872962,2
15.63030183631278,4.577724905219565,22.931245251010797,1
12.447906657179537,3.276473722095647,21.994506535152475,1
15.154537440202757,10.44978906833772,12.626112851582594,2
16.168927557761364,4.451260039818082,11.772366330381379,1
13.459698365717829,9.931462898965393,27.708230416957793,2
7.022434699938046,12.56398697462448,19.09406242347286,2
17.89028440342905,7.248783369360601,15.820172029693119,0
8.538259494212896,11.573125570216549,17.73069517788345,1
10.971068345610886,2.9404555669035064,25.35897592998591,0
13.54003748501927,11.200584549407667,23.31387011390312,0
15.761716944571939,10.568921714792456,13.72807897700209,2
17.61159200302614,6.029001203540043,14.209677132732377,1
9.290884654364723,14.252091515971271,11.296219832405042,1
18.872212865924073,4.8604562897729,23.155709724472665,1
13.480912730904944,9.26551519665919,22.695463869391396,0
9.122950465802761,4.749993093772664,19.30447806402298,2
6.353419638310044,7.333098051741324,16.341853884094228,1
16.077317829905866,14.40248736070079,20.996373832750415,0
8.711708125466465,9.31366032093144,16.756869177720084,2
17.411784581192787,8.872821835910589,13.41596545582763,0
5.685807685230063,8.197950869506691,26.343502578224292,1
14.44315515290178,8.286213307883273,18.48803778792376,0
12.015905525926915,11.077038401096043,17.973299565030565,1
15.292091266639552,9.699556074006493,23.046452602015805,1
15.804552446355364,14.761410715029157,27.444972609515,0
16.514783206429385,2.795676454339845,23.845942481388956,1
16.42261954644043,7.236475416581221,23.701756333861812,0
8.850050383299294,10.060643861186392,16.56175201081966,1
15.00863405556661,7.854441354758912,23.633926545284694,2
15.067053926851358,7.930219304009755,29.415673512807654,2
15.442053529469911,7.529732196248482,17.565514433854275,1
17.50563307024606,5.601715536806085,22.0815412246199,1
12.533395028280948,7.330460528657695,20.335744488723677,1
11.592552209283333,11.466851659743227,28.2869384805764,1
7.54281249360861,7.123462195190059,28.73810653156567,2
16.40853834615379,3.8759959280518914,22.76344835879492,1
6.4678262177600185,5.9835095886118115,16.24541415819979,2
14.455991134420746,9.963282776371448,23.4949234916822,0
7.330964847773986,8.561371084581328,22.318343550613545,2
5.130017652681371,9.57773329362849,14.309126685056246,0
11.381514540097067,9.891989135267249,27.34677461128943,2
5.771316007405173,3.9667610882662903,18.345760639736405,0
18.4733335518522,5.037897957379621,17.475324469651255,2
7.086256005642175,6.076047209238563,17.113737357812738,1
11.632536776766043,7.085529589860344,14.947203245890625,0
14.54663367025977,2.3038393686201095,10.958483183151715,2
9.1279059005912,5.258298555411268,20.737745523112995,1
19.89449268915155,5.9700553200391155,12.038498408302656,2
7.773552859599613,10.307680385682556,22.888246810813108,0
8.98787468970089,4.295071808862755,16.68829673958703,1
14.141499534934837,4.434847209042532,14.107788946443522,1
15.77571323507804,5.379974487954717,20.63848614714862,2
15.411451818600232,5.527894133917395,27.07777829080738,0
13.828062627544401,9.217864620661604,22.38634938260123,2
5.561982293870474,4.293560618004254,10.551102006544404,1
17.421130148107782,9.18556809536215,17.050378383718602,2
17.244849595780895,9.698299565030007,25.906824091263715,0
14.592757861323896,2.8271110593294493,16.88452503838089,2
7.380643528866857,12.734357276869654,22.746256190642995,2
9.617777397325412,2.486778681505496,22.531414878536793,0
19.013721056315593,9.395221751446716,27.523621519669803,0
13.110759874841381,2.481320563545208,20.964950258121743,2
15.980048207579898,11.37066046536421,28.535626339245294,2
6.149996000388599,8.3648904239496,21.298057914451654,1
10.00833301014849,10.784415137224373,28.08835954022729,0
12.013734596057455,14.837953847801272,25.566538303880897,2
14.987510714041123,3.755185493622963,17.31066824471995,1
17.89316266888158,5.289365477861752,11.919947406794327,1
17.10130274773109,4.3943551228248365,11.19713586320469,0
11.171982209934992,7.956765498757068,16.241637382982518,2
11.446745430379728,3.9416781572979054,11.148160900432465,1
13.517930994613204,6.322062542685494,11.297128702260501,2
13.352955278802153,11.483267983072036,24.96636240917568,1
7.377396917179828,12.794740728771252,17.047953235850567,1
19.093786663549636,7.535205488378901,27.921366841067766,2
16.958044644055022,3.7383302665978286,15.054450673032097,1
5.855669379467213,2.9809192452550928,11.4158137406524,2
6.2158750194275925,2.392485911874693,10.50496729369974,1
13.009607893949788,11.433368347162602,14.267981521738847,0
14.607442187033335,5.953445612266798,15.651647232039931,1
9.32940688351919,14.1947774526974,19.125772038237944,1
5.960845836329325,4.161946141772704,22.192349073727634,2
7.445207520989484,2.8282739634076446,25.588306468737347,0
8.192101182979915,13.980482863530453,17.28000833268025,2
9.772155303758444,4.622916402381449,29.623076067930256,2
6.64616210577231,7.223813483074723,28.594769255718468,1
6.576504425837864,14.735933002246293,27.713631785119567,0
11.671398496181187,2.1039259538478685,20.19530520648118,2
6.633397949978338,13.739301057921232,15.482674575982237,2
16.22069024952981,3.8828970573741346,19.867772450970623,1
11.922290032092,14.00024609491671,14.415289857540223,0
18.176437510218108,10.207801565163068,19.388300081266348,1
19.18015117727507,13.662813399465756,19.449359997688852,0
11.059302036484294,8.039805991119078,24.82606630227265,1
13.018755214892751,3.6788054798285015,25.282903589589942,1
16.620807642496082,13.02710283754177,10.832185232031375,0
7.842223643035699,3.319304361170647,21.163240683025556,0
8.722475868524429,11.14782208445122,22.12308872694534,1
15.766837678295408,5.575043583552002,19.986268628052425,1
18.121100745200597,13.395817995260275,20.698424953093685,0
5.825138802657836,13.82541981337106,19.742767211147964,1
17.79340917789773,2.259069764919981,25.467798011411407,1
16.09836047852936,14.908471995861023,26.000236018436095,0
10.765126188510838,9.57388108356837,29.617653433174663,0
19.96669517450674,10.858115641109235,19.300840376983817,2
6.6442950566885655,10.58963719493044,25.23175464837763,2
7.7530713744975674,8.074995507953638,26.981395307568413,1
5.114987160232339,8.609629118484065,24.177057036871517,2
17.600247161885605,7.588540415360539,22.751456377949886,1
13.275586758261452,11.016107553996793,18.01507124282643,0
12.455200785423298,9.874579317884276,22.441864472855713,2
12.724262417177963,3.275205240782155,12.224823562410844,0
7.2397189765364,6.964080970226089,27.867331842584175,1
18.617977923909535,14.756916570665398,27.742345108074364,0
14.405025174994101,2.8378166586447926,19.28931809655524,2
7.1253827197555,3.1009002130838526,19.809180014703013,2
14.080978332288211,4.145525260864516,14.520366745555041,2
14.254148690973441,2.4752017509810664,14.066373816185374,1
14.94398564517319,4.089862144857639,22.530350297854532,2
19.482875904298474,6.719209949706171,19.47830233064277,1
12.247157478697059,2.229893952493826,29.148242792456436,2
13.152122424772301,12.667953637035472,17.62365518155577,2
13.724989208345061,7.152754106767572,17.14094260956681,0
6.9511033526700885,3.2166032597855203,21.661450047154098,0
12.412613498417246,11.098811786908602,27.74518900617759,1
12.183467687334051,9.374765936971778,14.850058881143372,0
9.151919516278848,2.9741484027942557,18.350928984162724,0
10.840958668259962,12.016080235755133,22.818604543900165,0
14.015850957183376,4.6949818159668,27.754737881120082,0
17.512798684718334,11.604383553727185,21.26671240649135,2
7.975454776440343,7.058924408609203,27.67919428683837,2
5.882007564460306,13.4861722614571,18.950915272584155,2
9.259947449388637,3.423261415073981,28.8517548474022,1
17.721754130081834,6.787228422898635,16.149185024955468,0
18.592254633334797,8.42695975092741,21.797827484874208,0
13.775172953067393,13.236355983894807,20.776997813156985,2
18.72833553616304,10.826351102445232,17.64584064215586,1
7.704111165212897,6.9206388693582825,17.608338394264916,0
5.430012537271777,10.819774701049417,10.00965736679413,0
17.21078915866807,2.9951592982197357,23.037705565447858,1
15.652290610843894,9.774308402483044,25.227505638205376,0
6.334065952771813,11.861188616834502,17.591164901431846,2
13.731182827049413,8.55045031840122,12.377920237627587,0
10.202465337772443,10.679448035541357,15.999392235089019,1
13.739272276680081,5.789336636902345,10.550153388437074,0
17.677163647623473,7.42158433069691,10.21100909654697,2
7.266640247516934,13.53457512792825,25.752718108376765,0
6.537935853504907,5.974808283656669,26.0757900983479,1
6.904768925004514,8.082748245980769,27.40003858847681,0
16.496737164712556,2.902001040826915,22.789044600717673,2
15.281834704640456,6.923426388067808,13.926170563637967,1
15.805315709921539,5.462518471092723,15.192774073863145,1
14.79981756357039,13.014607477037302,15.040418045407492,1
18.253040364149975,14.197943258678256,25.364495031991474,2
14.902245402527567,10.504621101165899,20.3206055561111,0
12.687929851522979,12.742494676917067,22.41110651716331,2
16.211128071653,9.536504247830837,14.595921739679156,2
19.198108456237705,13.962496932911442,13.48734535767562,1
15.028326546098961,8.280371056848484,22.928002471416413,2
6.498295910771453,14.59786430212241,13.107958068953563,2
8.443306469205178,7.468007897979253,12.06068250408409,0
15.067074726591828,9.46637962527084,17.019836908099116,2
11.411682667438397,11.65209042706666,11.927247340594223,2
9.89257648411661,4.252441330167355,10.06871012017535,1
14.29372942244056,4.413304950136126,29.79800326592715,0
13.450049469468624,6.591465164838163,28.058385906912633,1
12.003394591465508,14.835743551390449,16.23863212976377,0
16.47036316928756,11.286628567276653,16.382917803651186,1
10.476333393879656,2.8351468100833577,21.6794649442978,0
6.46399274327826,3.552199639203888,12.391679006947697,1
13.087258339109926,12.711803866211802,28.51829813801119,0
13.3596602961668,8.829953373428685,21.26422429937594,0
19.79653974685033,7.580812179373103,16.45832230383204,0
10.262819030720287,3.061906648008556,14.685545840307627,1
19.688771191753055,6.095564693433522,16.76344122006536,2
15.072416796423893,14.962504022911029,18.511630935384797,0
16.372094089926534,9.178032779782964,23.59986866637621,2
9.101357789038488,9.94230168436864,26.303963618900084,2
5.9953470713224855,6.265010509209168,25.548477493724796,1
17.45423341900262,7.919963143078443,28.850280216075646,1
17.574382991857746,5.721835008045999,21.160931017622772,0
6.423086510337996,13.711298065889975,21.94810461333617,1
14.936268387654808,14.788081239268344,18.357895026277625,2
18.209616513914092,4.278886699941569,16.02452533407628,0
12.379829755317802,11.838120590648256,25.127382083344433,0
12.339753183157946,6.485063917749845,25.82972589780632,2
12.070008420380189,5.048932762093033,23.05712090999816,2
17.461512994004956,5.67822416985049,28.68444371902149,1
7.886130227221363,9.683114326687075,16.034478887781667,1
8.271374991749322,4.7478301849688265,12.381189949407382,2
11.49643870462474,5.580034167078306,11.069393100643072,2
9.054643843534713,4.207566554201323,22.16894926910633,0
7.4427834924488785,6.338883286139641,25.78525158161997,0
12.197836472821965,8.895653874673787,17.06250187479379,1
12.757602475142644,8.59890452958173,24.736698437226494,2
6.763670684099356,11.718684230126982,28.942509435351745,0
19.602520663504635,9.445749653781977,22.510873447775793,0
18.17448813862087,10.175403353013113,25.617173937064948,1
15.530374370629717,3.0702900253046943,11.712685702771818,0
12.531545680137727,12.647217528526879,28.03335782345276,1
19.318648542213708,10.909983064705573,13.543041555580029,1
11.657249770693287,3.0327282565492992,18.926680070737397,1
5.47053238889423,10.62160600296896,16.217628638884516,1
13.363289885105052,14.420999614156475,21.39014805584729,1
10.19443984599077,12.225779187265223,11.199768310640595,2
19.096378828249726,5.043472297748675,29.323942282999656,2
19.73328156825734,8.725934229371134,13.366800915578956,2
13.683188757010932,7.610807088881247,24.74327498001076,1
14.437423044742216,5.910278415511715,12.82955882331221,2
5.623053096124397,10.471882256518327,19.45563162073249,2
8.603562801971085,10.472086770419876,16.915899480219643,1
8.873497596856563,7.789856100325658,16.705792508266725,0
14.206746805654538,9.854984719156377,26.84442178851532,0
15.609221121107682,5.177174397540411,16.11537944022136,2
5.912059728210167,14.500753295161873,26.862717676725467,2
7.049942121653562,7.93368199040619,20.815814493900636,0
8.86073653766405,14.592956628769914,19.26476568963551,1
12.746669837645051,12.495847692057005,26.634788412346914,2
6.0216549341501935,3.1724566819681232,24.33799453366229,0
11.089390215353994,12.483165918624278,22.883330089577594,0
6.775358779532903,3.519608447079175,28.28109788729513,0
5.560878067113237,10.98989414154757,26.08062853302097,1
13.49686138673442,13.184434583603096,10.199272259821157,1
11.461136241845313,3.7307556407858744,26.887592642899445,0
13.404130424245825,14.754488998708275,12.627508689795906,1
14.980786257235906,6.332568057492178,27.887097829082457,2
7.940746079101501,9.556862237796274,16.293727623374117,2
19.789052652952904,13.435950938509793,28.196391077996317,1
10.971640311464789,6.572108765928336,25.00629022806813,2
12.924900222782192,7.7269155827398315,23.128949682374646,2
14.207855658884904,3.0023836006072204,18.305832230008615,1
11.528519421163406,2.1641395348202406,14.927168436901617,2
6.3142385112363195,5.87053623011732,26.96215557642375,2
16.13972780659459,14.190785495542281,11.440873765245602,1
7.996682569647207,8.53005128628522,28.9785946622142,2
6.783051390758359,5.782512046629231,11.674253791181716,1
6.91885749921685,2.008897698944383,18.5016589674294,2
19.821180771871994,11.691698955975296,11.681269536167754,0
14.066117745983785,5.381828774245328,21.872261995430442,1
17.490894394277767,7.373759424270874,11.376462562638057,1
19.997289413888268,7.100844308435034,23.55988163190486,1
16.795601468043124,6.698627149180268,18.663522071280596,0
6.726086200710949,6.7016715084198,23.594647540259515,1
11.901762537448088,13.769388999094572,15.16879560434312,2
18.856486376036223,12.794370406172039,15.404764514710116,2
5.443769865671363,7.999379514952804,24.966808291481193,1
14.418923635197883,11.263842733940699,11.945720923437296,2
10.802476466591457,12.520666723278076,19.694873013106807,1
9.568349011716077,13.237215117515513,28.297789814581854,2
16.87998592638218,2.9871916323895973,28.129292820131727,0
5.916573122797696,3.0650028983266298,20.851799122302957,0
6.786191094294852,8.249219876622742,23.298280246555453,1
18.648174419792987,9.858556915112146,12.570013435035989,0
7.730959610454242,3.4272352266091817,13.889779137439728,1
17.12432994114729,12.048123635497339,15.169353468914375,1
11.984996665703951,12.213198692423838,28.49814525294335,0
9.972786783547392,6.586529327772413,18.091284383212212,2
10.283460613478887,12.935999101754224,13.121350713603617,0
16.186111739882826,9.308053481872513,11.363069288442961,1
14.618170935823974,12.2596633039728,24.718134103672085,2
14.932943005807983,3.8969659210482126,18.40923103192489,0
16.67293145477504,4.06858172800499,11.063966222732336,1
15.676788292248654,4.65405333740338,19.193878072961397,1
14.016521736531539,10.220328734598056,23.348701090626356,2
10.695123131321694,14.368970248034628,18.416191927445013,1
16.570022764224596,10.103006652898209,28.092704290115673,1
9.454614876140255,8.095801737171463,19.479806081892704,1
7.60965098400391,7.228222267051509,10.13910577833113,2
13.529712556681927,6.85111632942192,24.323733521529217,1
16.185471046053138,13.72135608592555,21.511408703726715,1
5.641329268405717,11.25648076096865,29.702549920269426,0
10.261297351801286,2.4703852229732277,13.891214121198654,0
15.885020302356022,4.756663418866844,17.479634004447746,1
9.134012217454384,8.327603227515828,25.0154668945317,0
16.48384705811288,6.762031385277119,16.586683769557062,1
6.49324685151702,10.139542146600153,10.206892827050027,1
19.298613275962385,7.725923994211113,25.5818778048888,1
9.811960896584111,12.063289306606638,19.166928180629064,2
18.855375399245755,10.821915421507805,19.579087391668033,0
17.68159601872619,7.50095272572922,24.368404634167835,0
14.33834611339342,13.783743483260555,15.452367838019205,2
8.22338102406055,2.6481040882058275,23.519347947035712,0
18.88366977482239,4.543753573219672,29.405905959439472,1
10.977825563017587,13.574007104650615,21.570074778170273,1
17.073523494951296,3.887455900418888,21.52684863764018,0
18.36000824712019,2.7195933019322895,20.84790204791677,2
9.136644955583451,7.997899231062339,24.999507406253812,1
10.103297809250396,11.415903992944584,23.779644944410478,2
5.8581311916698064,8.302427138123122,12.81754865004199,0
16.074076443033167,8.901493411872941,19.177365002477927,0
18.75348659793695,12.956211250506048,29.07166212534453,0
17.10200278864209,8.5598661221414,16.446112084267508,0
17.853821814139444,14.376827292288965,26.76078834114048,1
13.316594712553584,6.216905297695452,25.2342916011788,2
12.522315783452555,12.558715619877331,11.418616822316555,1
13.705233625628528,4.334779830486685,29.090645232035463,0
14.243883971507069,7.761647928503445,29.566071334167777,2
7.20990170814402,13.560922136968955,24.36015132053113,1
19.39170256043894,13.418419625900553,28.08870218044364,2
12.429614102056785,4.733096015448384,13.728170734953045,2
11.82534630551888,13.51565651028333,14.080198352194035,1
9.996042377792296,8.814710126237308,17.28142129492506,0
6.998382808420086,9.27475782501438,20.231294638215257,2
5.811921159601646,5.410567065425117,10.538106182906208,1
11.993162299520382,2.5962793745897974,20.85577856263202,2
16.59000857988231,5.209268613547358,19.3152982414302,1
19.079317382537738,12.764746224523837,13.761971741129614,1
13.490815160721574,7.95357387146906,17.716900568190038,1
9.42634209178976,12.526933131770155,16.931106552376797,1
6.437348354125028,9.827165125323596,19.873569045861476,1
14.317260371251814,10.382000065558652,21.092065258554733,2
16.655446662395278,3.7905121476890535,15.345102690216283,0
13.200952945590867,14.858077055939061,28.12667634610548,0
19.47326321165438,9.183066110576847,21.339096930671527,0
16.49769309185433,6.105985724779622,10.770736200903379,2
17.95923436547001,14.082110334757106,14.284005348554256,2
15.568404183566082,2.1081813905221787,17.56540361136588,0
18.651512676884536,3.3937534510916088,25.924373370879863,2
17.998183727971583,5.352366475174813,28.94513502961854,0
18.66461429320192,14.35422976724306,15.971103187316851,2
18.140250313055855,2.1709841675854173,15.639652266370625,1
16.80968630843423,4.895370073604683,29.509971578244848,2
14.059895099169434,6.584413368259295,27.21303941095567,2
12.365544076464719,13.504609216955275,18.784611776107976,0
17.141571404817803,7.227060383570902,27.7381365090318,1
12.960949007163453,7.590360200794094,13.982912242363215,0
14.9299571936893,12.047241556178783,21.430669808899694,0
10.803978549853422,12.143879060124688,19.470293227205396,2
18.125896409442277,8.364684984597272,29.41619989216081,2
13.80957774729303,11.047738375557039,18.68588936070669,1
17.732731714736993,14.415355669450058,10.644451239440881,0
16.383192770037503,8.41644809425059,29.39720877398301,2
11.993423157417443,12.89405715238633,20.745192015789478,0
10.242433502366062,14.74360400507383,15.380119267014338,1
18.70152829987037,11.888197259253596,26.964857912163772,0
