Feature_1,Feature_2,Feature_3,Feature_4,Feature_5,Feature_6,Feature_7,Feature_8,Feature_9,Feature_10,Label
1.5077081541047765,-2.679019420545565,-1.6078297960241472,1.2546977776226493,1.9396925016863102,0.020793707675407894,2.30559443864242,-0.7280029412291344,1.9153264173879765,-0.18289644110484016,0
-3.4920825669059887,-0.7283839318520524,3.230324680415211,-0.36057425964060574,-1.2077770502491583,-0.9539394193966448,-0.7773386549610533,-0.4070363129267805,-3.359564811574015,0.6863184569567008,2
-1.578141461243335,-0.5987364363614706,-0.06815185437191795,-1.643474482155111,1.5106253381643024,0.1600182258527877,-1.1577275757192946,0.501782736167545,1.0868047046658185,1.1173988159024608,2
-2.254098445631345,-1.0836088002131077,0.5900286558330978,-1.6651729849894172,1.1246057860457512,1.0971527117536957,-0.9526161154815777,-0.47883745600840416,0.2682514290332896,-0.8627757640431206,2
1.9689048083878393,1.5762493922134975,-0.704937362197444,2.2063223267604974,0.10945297578503776,0.7181857257079345,0.04408090037551135,0.4384757388097273,0.004569825034871244,0.019616657693989903,1
1.198943877814732,0.1925259072958192,1.8153160465070362,1.8171577962724959,-1.3254783962388066,-0.10730214400422888,0.6565638044650284,0.4477169258102776,-0.2063031136541491,-1.5708761520684993,1
0.2785418416863448,0.5560801991585833,1.1346161745107548,0.29897499803851413,0.29009545822098604,-0.3286184757489846,-0.9082355576849652,0.6031874310823431,1.2612082032169163,-0.5441140021141926,1
0.6746530125501202,-0.05211036720234907,0.9283866680966724,4.322694763114564,3.553969184648501,1.3924653000643288,-0.8322671155898422,-0.2500465145989528,1.1644510529779124,0.28869362927985703,0
2.0062441968993925,1.7627463385699866,0.22732710257464683,0.5982659536931478,-0.008616751889530372,-0.3079615296390403,-0.9174174737030316,-1.8936146669537857,2.29752227690324,0.21329370737293857,1
-0.1307975126454482,0.9713324926954704,-0.7307148001883568,-0.8076589431042598,0.7511627770795766,1.1210306673244714,-1.1663424009797607,0.00020706491819709385,0.8325712022090023,-0.009300321138614417,2
2.4539167479908266,0.32321421813429985,-0.8733047674596119,2.524058150912807,2.4888640277584875,-1.053682419146354,-0.06522234883617035,-1.067802921579193,2.9404404957519388,0.9503075919735757,0
-3.3935239754819673,-0.6940384443803018,1.477921547174405,-0.8248889345249351,1.3295030869578313,0.34767648353833636,-1.6584973724818846,-0.4872285641135523,-1.3246160994450014,-0.6757080791616118,2
2.6378081834593705,3.052362973430968,1.1891001901780458,0.8552364302348154,-1.9971969328762464,-1.1388331177807691,-0.996797528706358,1.0391117874202687,1.4129442139299748,-0.07576428653545988,1
-2.5844384766377813,-0.9845227697163673,1.6479559031231206,-2.49444928448405,-0.6383551725513943,1.4484992298929262,-0.7860502328832268,-0.35976864578908574,-0.4692269918866018,-1.3260476860820383,2
-3.0444171448457484,-1.7109510946509254,0.7932730616205848,-0.22240841668014377,0.666829242183896,-0.6603211394734471,0.03520444324586921,0.6988284202025348,-2.64351518426112,0.4209729443893898,2
-3.443409093421745,0.3761369366379371,-1.3115637901061805,-2.1067091746387563,1.6094750258582016,0.5935567222808619,-1.9462684386234195,-2.9403886346642802,-2.0277288853853914,0.655900776529761,1
-1.0560311792385744,-1.144986688878344,1.4460199872848198,-0.12101127004147227,1.10234198502948,0.1895816165987434,-0.5334128822285139,1.0010460925671412,1.0408630011240383,-2.703232292999237,0
-1.2544859741633851,0.6423558311565372,1.7011526513313893,-0.37944121530231545,-0.06655223547826183,-0.6414815952229522,-1.487225801892785,0.43192254467394064,-0.1825968501758337,0.8004095252276823,1
-0.5071541590926043,0.15225166269592139,1.851834735004624,1.478842819243138,1.7784838001243717,-0.7521564055905832,-1.479600250752386,0.31917451041918043,1.1558616669659068,1.3404504460231446,0
2.963971358282359,-0.6305002753624906,1.8551291224220916,0.6626685710552793,-1.7353624550763915,0.8508979621679722,1.4509726506755132,-0.13737178839939665,3.13154304031218,0.3904648499288896,1
-2.309314969537125,-2.7700372691969166,0.8099246316866913,-0.18321241343851957,3.1912956943363455,-0.9037018607301281,-0.42656840610433,0.324359281721603,1.2267701627646528,-1.1790397911598025,0
-0.06423546220356187,-1.3002611888247932,-1.509049283683321,-0.34655978364152784,2.0343830979933504,0.4625912928539512,0.35238266548822605,-1.7258067287905967,1.4080165721687776,-0.6775646523356551,2
2.9060126980869296,0.037324906768557375,0.9563155194143622,1.1876411170187102,-1.5893378482399296,0.4070522871245351,1.3680536557325962,-0.971656734541286,1.9216692180289474,-1.3796181647889305,1
3.5767114084664446,0.8143253287228114,0.11680274629367371,4.055705753674478,1.1068427757291897,2.1709427174978138,0.6179019248021796,-0.1758858124323366,2.190162939158768,0.12320480678448567,0
-2.239077745544259,-1.2216486941509366,1.073372846267675,0.29787904254644615,0.048493158977920725,-0.04347694981386243,0.19658184524462816,-1.5311075025557221,-2.5232455288796785,0.5142547560178349,2
-1.5816537310317236,-0.5046495278036431,0.2206356758274186,-0.4917251754839913,1.9940199471878253,-1.423957152450145,-1.2513615263352542,-0.2666523292344148,0.6507764921433696,-0.42924442029866183,2
2.2480810255198755,1.2759949963579365,2.5952031429171147,2.157052111725121,-2.3773714053455284,-0.835142901630023,0.3831697728921512,2.0895387216947734,0.3216465954579737,-1.6076610271180587,1
-0.46460421823053516,0.26108186282678036,2.0663540001653997,2.1812870042806694,1.8876793973218065,0.02421945667275807,-1.4799422267444007,1.4122205554154292,0.7760021426174807,-0.07964139124571515,0
2.869816079039155,1.0193175997349344,0.46416476676551444,1.5663551082914844,-0.7137051095439327,-1.0150941918278686,0.4234196044417157,-0.8108575112103382,1.9937336037408648,-1.2575778589146163,1
1.3660589755464234,-1.2710655640529223,0.3131428675830985,0.2906236315228784,-0.8728745252233134,-0.09053328230416077,1.6864552691312533,0.33198033056901455,1.0189631703693607,0.1904996797790664,0
0.3388728496285032,-0.6268566017472332,0.46106062095700473,0.3992832843930969,-0.7637355921416074,-0.45209033283308037,0.9193476718650052,-0.4700421477595015,-0.36444943723633205,0.2658782296520485,2
-0.5156558172745778,-1.7913665312980815,0.23017043527061198,0.8447056335158414,2.954636821180786,0.6713400764504657,-0.18028675348021603,0.21319662823768915,1.9488339716418421,-0.7519693317388191,0
0.9383530063917748,0.024051126239624798,1.056372594706227,0.9433341988491969,0.36643774227216774,0.28328787154614216,-0.18416130214158055,-0.25890497370407733,1.5984988723368276,0.5866938014752747,0
-0.1270615764610687,1.8354651308110066,3.0432347055481217,0.19040185980548774,-0.13101462171524925,1.3103087461196083,-2.5405126895926093,1.395683810789956,1.7407380111341966,-0.5621680265783021,0
-0.36518123291072707,-1.3874977220649025,0.5082015826730959,0.9607519936648311,2.0629649546099964,-0.18714426500454878,-0.04138857802473078,0.985729995679863,1.2536805549111554,1.1873860515647512,0
0.04202381509678114,-2.0152711672178016,0.3159864852339529,-1.9210166405110694,-0.9033793694764363,-0.13125696709230472,1.343334448006024,0.07685188295876821,1.4208234358917318,-0.22485598180807856,0
-0.20490050062861853,-0.5105948392800073,2.6587263440384024,1.4809145525692542,-1.516871071480688,-0.05139372358848624,0.6198889686250362,-1.7730324682068814,-1.3658898372602608,1.2619215007139917,1
-3.2886570359682867,-1.0862559492502104,1.9225749394177125,-1.0062110626623546,0.23772577613772727,-0.234407800316322,-0.9572194359371519,-0.7837656655863965,-1.8159615845986141,-0.6905410523162594,2
0.8717304557295543,-1.160014809081566,-1.1173583303189139,-0.3709124401136106,-0.35518432462195193,-1.8461878622380938,1.586010649631785,-0.92951086019241,0.43521332225518594,-1.496529255090079,2
-0.8658998494912913,0.44106827752922895,0.04958553053488246,-0.9618971932033449,0.01022670147651672,-0.9057323008626189,-0.8279933444074172,-0.6537663386488198,-0.226124043108046,-0.5956612940434921,1
-2.89235134831117,-0.6323086431144729,0.08281346595069916,-2.031107542926243,3.12194073313129,-0.9218598131253132,-2.4525110297481327,-1.0039573720814985,1.50482153472597,0.20726732939894396,2
-0.45117469847158226,-1.2754578815318227,1.340029863376214,0.29550718411642063,0.6253810502288175,-0.5924642591528942,0.11804576518915466,-0.02640575695892703,0.8762964492217915,0.2801611588196068,0
1.9764862926740427,-1.5007186469768232,-0.7410295041247237,1.2952234371553573,0.504806575518736,-0.9224101844985025,1.9418401130519787,1.6153756894694418,1.563372999013695,-0.3223204692113399,0
0.7860710713000422,0.2904355820947089,1.8159538011830252,4.754654094923407,3.2247420585826814,-0.08310557262869477,-1.113020711059124,-1.5047203740310022,1.189779029977681,0.7600559636896026,0
3.4128190075207194,1.816255118731371,1.6074654618891908,1.6217336928882302,-2.1622052236445115,0.513085420097293,0.27078768939366443,0.7250957868479971,1.9594493445370849,0.5161782871149584,1
-0.15691791423128898,-3.0367500464616968,0.5479834927821194,-0.6276502355818108,-0.8321534421866355,0.08614388304637476,2.3842673040617983,-1.072139011985607,0.13691735891836676,-2.9213504834946074,0
0.8382145850297067,0.5730879528807584,1.5403269786367595,0.48342943613673406,0.0067431235743350415,-0.8463566549908735,-0.768451396999338,-0.643549832317462,1.8747117897035692,1.0299608175811612,0
1.1063476103268732,2.234679000994799,0.9608413071623357,1.2969376277151345,-0.8093211995337466,-0.9193845915864234,-1.0629278636508324,-2.5302875227463297,-0.04155461425806162,-0.2860042218801108,1
4.162656068823906,0.12796786195147558,-0.3036404755002162,1.7694104580958845,0.8869791466992336,-0.4363858905265686,0.8161501736039773,-0.10960980392583083,4.848562594651239,-0.08836295920533532,1
-0.04297894540279338,0.6549410080064051,0.8284394902820116,0.6191389391119345,-0.5011463761394044,0.6704806172412126,-0.37056050444636557,-1.0718572330401555,-0.6435011711581213,-1.5537587660160643,1
-3.076826605886856,-0.35097652345545227,1.6039768353486905,-0.0945175236099095,1.0984265035799639,0.35561334878566,-1.5573578876946963,-0.31305803052315434,-1.8016614383446035,-0.0007085945766459172,2
-2.18069291012413,-1.0560950770557618,1.0675592066475006,-0.8386105473109093,0.13871175000056346,-0.9571509148950429,-0.33407419185176146,0.34378788154988543,-1.1889261335569623,-0.04865235157045115,2
-5.386461945670667,-0.5897926313469422,1.8334319598965387,-1.743512929871525,2.798630341391224,-0.5466800845872654,-3.351188522778212,-0.2716551103260533,-1.3345395869183028,1.673452090298537,2
-0.9261321847546926,-3.0009554691170446,0.1875751425840454,-1.0779963762748164,0.21433010651692286,-0.9354387020445953,1.6340730589935304,1.0859821161750323,0.3696147968255413,-0.535963445114048,0
1.8321427011847449,1.0208938587425889,4.044202984807681,1.7465841307921655,-3.5353692625536253,0.6728612359668199,0.4468280780736664,0.591814133741378,0.027772917697031274,-0.3540407109410238,1
2.076666422255943,0.4467829910127902,3.4226330618844263,1.8369512108487291,-3.0729796994229344,-0.07595102364252276,0.9552045197149048,-0.31984752325484395,0.3439290341659609,0.15175799224874037,1
3.3173906934412574,1.5022626494465072,0.3709041913952096,1.1933449177203785,-1.4708451878156121,-0.8696630812746944,0.4698013645967266,1.1254347844147694,2.076519056806599,-1.1894118928673278,1
3.9770745361893742,2.6688464614096237,3.7221282707779055,1.1187996081337739,-2.819191256579109,0.32674476460232005,-0.9360843458268806,0.30047435961082836,4.157408561485129,0.6222071440434019,1
-0.5242072235965297,-1.3485938025527147,2.001489704740888,-0.48883719928863756,-1.051725649210344,0.19438430157733602,0.5891322199930357,-0.35316629281068834,0.25498227752265656,0.33848384346169114,0
1.3574014141647994,0.17081071443244777,1.1086563830002185,1.5330382743884892,0.07661374109286445,-1.5841359430054898,0.10542960764219066,0.2671266510114834,1.3025417663840304,0.5087250232299338,0
1.8757910759111291,0.07646736496923823,0.6152596749926482,0.5624370632475376,-0.03429243653719438,1.2969945465611092,0.21977830682586516,-0.022868062298882122,2.536446308780238,-0.9993022322949108,0
-4.48526411900204,-1.441864580423317,1.4534688014414199,-2.2216705854337553,1.0538663551415195,0.7906255991627686,-1.5486769117347259,-1.9701038177118355,-1.7194278893642383,0.8925973382993092,2
0.4067471895968266,-1.08856365709017,-1.472915011716207,0.9447545975998262,1.7102011444823892,0.23007075919140207,0.850723247909707,0.49774308909139425,0.4106528196379611,0.6659242520544614,2
-2.812304256883177,-0.6955656027619305,1.3012139050255562,-0.17796604316910747,0.726671795078899,0.10589445311523424,-0.9385991905764925,0.5844129804724842,-1.9620962147259493,1.9764405845154855,2
-0.010245905122659825,-2.5619444551053916,0.7899624833987492,0.6088353083525597,0.11058220761810145,-0.29540141013902943,1.8078571679655266,0.1684609762696143,0.27152482025327906,1.3175975356079597,0
-5.282443552401205,-1.3500560154895034,0.8821236471914558,-2.9458221704689738,2.8208084411601044,0.8113965544915921,-2.7555499255559197,-1.1482632887526183,-0.6213889482362626,0.8187776437548606,2
-0.835098314750952,-1.2876399798158347,-1.1360225941747064,-1.3136847942301153,2.1541849595376013,-2.6042138566271342,-0.3188161262697893,0.19894814679649453,1.7253711656992596,0.4367385517335095,2
-0.3573119918672972,-1.0766753240008795,1.5865272052250685,2.8826993572158863,1.7280440514153919,0.1764415552772252,0.08755348222021787,-0.3670278390833223,-0.2538229285265676,-0.8275902206487197,0
0.5904188075084196,1.050144913547948,0.6076174836638439,0.8896150471283998,0.11645539057519838,-1.2391070756539009,-0.7399103965789782,-1.46752526575244,0.46233686443514765,0.16476084123651674,1
-2.3181759273520783,-0.8036743794603702,1.0657085993639717,-1.1773997504728664,0.7605332172258366,-0.43676423723821745,-1.012165301212353,-1.6065771007386793,-0.3708781026660666,1.7495839042054206,2
-2.5418149777832846,-1.362514731036123,1.3386195372053922,-1.0421702271600777,-0.25014841968346024,-1.2111719292807812,-0.11383156773561585,0.7307641190665245,-1.6900177665721228,0.014273067836434106,2
1.3284836653005374,1.3323072480788594,2.3185403474401345,3.431212292148371,0.9953074236436481,-0.0332299906444608,-1.2003774507469243,-0.2081168572725397,1.1930980073612127,-0.12853751143893075,0
-4.5210569135282554,-0.13866465718716026,2.62592994672584,0.5508503173293213,2.3609009644346073,0.31965182591897723,-2.889837725232756,-0.5041798310076715,-2.3481180535588937,-0.08152267310164589,2
-2.2012082934918262,-1.0751882780110344,0.09128492060533733,-0.9218740354994517,1.4440867778717554,1.2358116200069387,-0.6914071613805415,-0.15589817793666752,-0.4594697822889452,-0.5482872964906009,2
-3.4522019668308466,-1.1214555746260702,2.278158391427266,-1.0071066517273664,-0.3241967782769395,0.06934433703625043,-0.7854351256244565,-0.7217375533372533,-2.385821693777152,0.17682087213939798,2
-6.632731848494401,-1.3574662866123064,2.8509617364190456,-3.2155085701699697,0.535056222584084,0.2502002062516945,-2.5772909733337093,1.9956674897839644,-3.242834664368832,3.109918556005361,2
3.2186031925618264,2.1229850600526974,0.45741518617647015,1.0424312584094466,-1.251053622319135,-0.828497024780246,-0.2375072826519898,-0.10325476014904739,2.3589321997543093,-1.6431888111541673,1
1.7772475505046854,-0.013662246028630864,-0.17012335218626684,1.2209948650347457,-0.6552864242708947,-0.22320225463480511,1.1486828597841818,1.4898634386020821,0.4266970383140518,-1.6009039784765156,1
0.8165220972680475,-0.8732699976441143,1.5983633215491517,1.3541299773628082,-0.49175771849787675,0.6725737012027313,0.8896259653095377,1.8998819348952156,0.5427122875032331,-0.13263374638257355,0
-0.2522186485747303,-1.0298986883460692,0.1342171250561187,0.7129513489334238,-0.25002608358539713,0.5006657213812097,1.0726375064886902,0.04977368718096008,-1.1933283537493966,0.007063158628176452,2
0.6580386513313629,0.6149432827900282,2.660151103940107,0.4425627914371896,-1.835421999319309,0.5609194479412387,-0.2592446422717122,-0.29548031802916036,0.5066858629140525,0.6969544045107356,1
-2.5395708924888827,-3.743676739428745,0.36343272191898546,-1.4492794645614646,2.0323360943045987,-1.8751724696457446,0.7181123205737665,0.11502607914741717,0.6384234339816208,-0.1601327955666404,0
-1.6696714166315807,0.7092033938223805,2.0336082362241736,0.22325139585395126,-0.8980594559232846,0.8178896580250287,-1.0847709064656603,0.3764095260975166,-2.0529393079749765,-0.9020515543575104,1
-1.4150854218030398,1.2431047436895013,1.9083830010616758,-1.8579974907378278,-1.9194643326179057,-2.438817158276429,-1.496590410509155,-0.13427916218630415,-0.8100321877287813,1.42274813609994,1
4.5748742225307195,1.1042332251057076,2.4816387579108743,2.2454660340746564,-3.003271151632984,-0.17585440443207118,1.3493670955420787,1.6614701657280182,2.7825759124227902,0.020886488295961788,1
-3.2860119080174823,0.5254660292268513,1.3479727363439011,-1.0129551078246188,0.3486851996366045,0.18474057889572446,-2.0452224137888813,2.0236062192296393,-2.240819682959218,0.006799844559997769,1
3.8171409604646436,1.7456281688739788,2.0495842906577364,2.2781834921524045,-1.3723623028099197,-0.7877837519082389,-0.015916414215491594,-0.620847598251116,3.0821750059150435,-0.1681438185847896,1
2.0820008553789733,1.6086361661472475,1.8493482119286813,0.5079300966828524,-2.044406068607731,-0.19003903500149447,-0.3197528858985188,-0.3574454228104272,1.5386827999789294,-0.18039168176240783,1
5.495915243343743,2.160479230036291,1.085702006888065,3.7194672048163415,-2.1454402254552587,-0.5505368494915835,1.23786592297408,-1.2207124259141586,2.3620817715693256,-0.5081401976473109,1
-4.692470185141721,-1.3025013411773734,2.5901835796444006,-2.9276185005373416,-0.392257041016006,0.49201884799279927,-1.5625034308657653,-0.5260348426675804,-2.00022452569282,-2.1533429198712444,2
0.0256143302720779,-2.891813547554608,0.5140588760936542,2.217990802106831,1.4714817319956917,-0.7191533192424201,1.9307880259368344,-0.21113023882769444,-0.026476068246657825,-0.987179527151184,0
-2.4478914758796884,-0.6990488241138861,1.0564905722048852,0.6317147232421263,1.2061068132252966,0.8872908372667421,-0.7846560393132483,-0.7632861041785816,-1.9378978897749295,0.03793783544760203,2
4.137374829861476,1.0849879183337094,3.955448789854286,1.845609584967565,-3.7297866019795523,0.8743891807127275,0.9762217121472845,0.26256132900192497,2.9256667275288994,0.19358991136754436,0
-5.2915032065745224,-0.28464259534660297,3.416764011731768,0.17240076595605203,0.8564468200404258,-0.387099702474401,-2.5031691471374806,0.6955377575657775,-4.08466245134761,0.849102110743144,2
2.2807610121012667,0.9272193790881978,1.149459068118972,1.1632045102421187,-2.534965882048765,-0.1627929060722942,1.0126290791944743,0.04091917539572113,0.10626669815507195,-1.0021874557814727,1
-1.5649271645124654,-1.6139624578716907,0.6892527521163785,0.8624933160651971,-0.06134710492325346,0.5885532697707198,1.0166430674052,-1.5981243518837476,-2.5374697829535386,0.46217266608194285,2
-5.514132283154948,-0.9400268224301853,2.953753466494484,-2.6783997125122934,0.27558812037034464,-1.5642416117110514,-2.430524331127724,1.617212574968624,-2.432242618818866,0.10435593752321293,2
3.0732962197356453,1.6652291292249384,1.3355412565246239,0.6343943223006967,-2.6181383178312236,-0.14778031881747153,0.37920981213112276,-0.4532484090230134,1.7846480562425078,1.4524675344707454,1
-0.8463434836473173,-1.5567808318271075,-0.7022934841702744,-0.4383489042638363,1.2311058265688817,-0.6058608207588934,0.5137955228186276,1.7193779062072967,0.15199080825764066,1.9925153531681183,2
-0.7911305474377134,-2.3744292708868016,1.5915749434921855,1.2382213885333888,0.5828975881902312,-0.6500025808234597,1.138662381895589,0.16865467196672768,-0.3531970356807985,0.44194064956940904,0
-4.3411493682080105,-0.8739647342746554,1.8783790685047932,-1.4327531881553004,2.206326333162666,0.7789365035121141,-2.5327609961053374,0.4577728661518858,-0.760806561863161,1.6744924333475373,2
0.7722971368317362,-1.7870385704004073,0.37377241306593245,1.5054156450803702,0.39098128897825024,0.4365598041576678,1.63748799701775,0.9039348410861953,0.39741300692584736,-2.3629324355418384,0
2.6973307159379583,1.4249431595843385,0.432362900539772,2.006075602619355,-0.22361099031493814,0.23070090571868349,-0.04488921333253498,-1.2601647651725802,1.78353933782858,-0.6163614080394775,1
0.6218302397201764,-1.3980988879630454,-0.17701207390243368,1.149204937503907,1.9237487298161415,0.08243975293450329,0.5533841200018911,-1.4575514994649306,1.778310271495148,-0.30920907704986345,0
1.0397074628872902,-0.14735079521841943,0.14521146529288553,1.082565898075001,0.4512525710775577,-0.23401985910698136,0.330214926556897,0.4663583744463345,0.9909781450500492,0.9873345165891019,1
-3.6738665442371152,-1.2505702160597383,0.2500008206352339,-2.737852345693029,2.2753516672111385,-0.29396694766418224,-1.9244604182235754,-0.07159925185806683,0.3567058568924619,-1.5178737466808094,2
3.644622002083739,2.8715289253171985,1.881167601791484,3.269392748190381,-0.7288578594659894,0.2603218387712207,-0.9000536547899065,-0.1343087414705478,2.3192343146702292,0.8108082731597821,0
-5.7693434518802365,-1.308312759392495,1.4416883332820305,-2.5128122333435803,2.3047337533565955,-0.580053241370043,-2.669179706211549,0.23940450053537707,-1.8929304821061708,0.49968511030293383,2
3.7558603449610994,0.5907859710639418,0.5217316511817588,2.5151227870520554,-1.1951102946885281,0.2773769379581917,1.46302889782862,1.360658595838651,1.8265802094533128,-1.308820399119112,1
-2.3974040135858328,-2.1334182182787806,-0.819511418693518,-2.9425554283480206,1.0142583299072627,0.14338846734225108,0.06012285438317173,-1.77623523289832,0.2202758540975034,0.40865281148067084,2
-1.938263852939924,-1.163409817814815,0.5195263607129497,-1.1991606818759095,1.0652461283416421,-0.9161919154812425,-0.6245181830777474,-0.8318222082304447,0.12473677554341145,-0.06717829004935526,2
2.688584855278139,-0.3499934610444111,0.3226841996892629,1.0997949806453744,-1.140900137521095,0.8071225966373103,1.6060228521560294,-0.9735461997044687,1.7248410835782506,0.47635776935621926,1
-1.270590781609077,-0.5804678802706197,0.28325288787905223,0.3802022879607838,1.7178632542013106,0.9788580507817954,-0.7288958122304295,0.08531814256502405,-0.05107641088507253,-0.8082657216409264,2
-0.6959662045189341,-1.0442095294558251,1.611429418465097,2.804077180062814,2.826482027155393,-1.0065425652796411,-0.6501532716056072,1.1398785611290454,0.5703279074673475,1.3171150673398653,0
-2.8595275291019453,-0.8625461806101895,2.4080791876651038,-0.40081637661148517,-0.6673829890391139,-0.6414869090443096,-0.5487366192268841,0.487872284871074,-2.4566058554223122,1.804348109786743,2
2.445495543405763,1.6107360320602027,1.077439029910688,0.827821125146484,-1.3458386791526598,-0.6267172245899651,-0.2382917707499007,0.8623934723827588,1.892467182584171,0.9531250453760867,1
-0.27687007668814123,-1.4829247734265452,-0.5327492189569409,1.0840499637685737,-0.35335922761763294,-1.0293715081820716,1.8661343845670257,-1.3526702858435344,-2.215692883891333,-1.5223591862178911,2
1.015705978541786,-0.6652455260978027,0.9789440072026971,3.1802505618240673,2.2703786104587977,0.23836898273478513,0.04126595038874339,0.9751976297824297,1.4920230707801256,0.5010941699398452,0
-2.853508331423041,-1.5973716067643458,0.9761935036081725,-0.3582568409673297,0.2314248312247683,0.6067230591361827,0.10811010546328215,-0.18319661872038787,-2.575227268126355,0.5345056484805503,2
-1.214318939058367,-1.0262876334308944,1.5902224894687953,-0.33006930271717017,1.176326605796476,1.0800480657146485,-0.8199671132979053,-0.4473218956587512,1.2163561036901287,1.281016361735113,0
-3.4666637340474242,-1.2202121630259433,1.2662905263672286,-0.4875236068509978,1.4968260043670722,0.3405892164004968,-1.1627184612895411,0.39069592092814415,-1.721978622927915,-1.326472128311083,2
-0.11718338582894963,1.2900460145490986,-1.3702191413092768,-0.642263266790964,0.16864051140843017,0.9262154022415924,-0.7742458136356176,0.9653974845911707,-0.48132269292028296,1.2361307218062179,1
2.769520275892967,0.2610682998789111,3.538238064662166,2.2217813071676815,-2.306743277345288,0.37710039390218647,0.8662020360371726,-0.029262813684978354,1.8830113433750877,1.1260502507721681,1
1.111590077648792,3.4580452830251938,1.3876085738929338,1.3896703239116186,-2.199570099935924,1.3728484746765302,-1.3741774358181493,-2.211861911329507,-1.4067753461253596,1.5334337012963255,1
0.3204283006187958,-2.492668481730541,-0.18922975746444326,0.3145101792633811,0.7286451845272852,0.9531366339132451,1.7634799944178416,0.2871241652018242,0.9539248649953698,-0.6124373746404379,0
0.5572919828079111,1.6439051997467158,2.5320262228233403,0.6852603110127058,-0.27064630259884104,1.3748764191481848,-1.8294229858391817,-0.6459641791245353,1.6669667192273556,-0.7991920066502536,0
-6.192466999828907,-0.4396635159548353,4.9064347081123785,-0.050377704659543165,-0.5704128182816264,1.0473177066214483,-2.407152107748259,1.1695899924277735,-5.53373548470015,-0.22939074406802776,2
2.084169840357362,1.9128967317500418,1.835003884144832,1.0003943953660146,-1.9603069911271267,-1.0727430257398065,-0.44031993080052234,0.23924686411114954,1.0969621970804206,2.0740826697499735,1
-3.3701774985281188,-1.5195803102508125,0.3383515759176189,-2.647773328700375,1.91506719636561,-0.413465161123276,-1.465943622537407,0.26028050658288615,0.38787683462877864,-0.9637589262106109,2
4.894984535489372,2.573848052778949,3.2714748294268654,3.105043307588853,-3.6301595348278077,1.732514999485092,0.5710665908013504,2.2313001461926323,2.1869025618946987,0.6380511014407572,1
-0.969196753226532,-1.6862371103025322,0.7432863878568119,-2.3230917256777746,-0.44096626175127174,0.5514853760404675,0.34990653259133875,0.043602446372453724,1.2135189652406435,1.695051040430753,0
-0.5519866291515224,1.3176297582531666,1.0902379246813065,0.09997902172279627,-0.31586408362696905,-0.5240883979345925,-1.351032477730644,0.152354872033722,-0.47129521607332236,-0.8224199323822006,1
-0.20743804030496465,1.9292021834343416,-0.6918115510562222,0.7549030084407491,1.91605677926353,-0.375196380323937,-2.096929129469154,-0.31771509675623405,0.3669829389673278,1.2816437950037687,1
-1.03577448664858,1.537945451961321,2.2554318040075336,-1.1635701994392664,-1.1113952609526698,-0.13944627568099954,-2.0321040606982437,-0.4501892648514116,0.15921530355397284,0.0005279588565972928,1
-0.9282994317153228,-3.5898753190117363,-1.1221032891379439,-0.688504408911498,2.351961456471166,0.8080577982811451,1.540576223900065,0.36728731340134063,1.332476249397224,1.8381836767951225,0
-5.327886916884424,-0.8555023202944789,3.381402901690778,0.29122906534734216,0.27581962890072065,-0.8987840483231282,-1.6860645552526676,-1.3303136257389898,-4.887287675343778,-0.1891203907770335,2
-0.7296636515786,-2.3239052990131466,-0.07632231965217628,-1.5450380098909129,0.7379045477713195,-0.6777449705248515,0.8033092693707845,0.513907849658915,1.4538751636088785,0.17958178193959795,0
0.12106309576845928,-1.048529008279984,0.38081248584210725,0.4798060189915676,1.2522814647769738,0.14679301198554937,0.13318119004417767,1.6122206282554243,1.4264145401985129,0.8968393158655319,0
0.03484840005053657,-1.042486725285745,2.425841031994107,2.8448253458938373,0.2633944854087984,-0.2685306479058323,0.603987628772616,-0.8911922254152874,-0.6124736845335552,-2.151815401329305,0
2.494207451435738,1.2186004380756064,3.921972142567912,1.021986028476738,-3.488006538001729,-0.2628908292082677,0.19922717021552622,0.02246589281204638,1.6593784750259324,0.54711911517521,1
-4.362549968735168,-0.9118668187766229,1.9345363713891035,-0.18662213784199044,1.3603345751296274,-0.6619821777966091,-1.6549143758895088,0.42588720619303577,-2.955917989586049,0.01914777741575206,2
-1.0316372647938057,0.2273429040177819,-1.3113036234761792,-2.1576052432573314,1.0036106089527213,0.3514482075415829,-1.084723196830688,1.0701502383164274,0.8071722714742865,-0.026521259249060063,1
0.2220309242753358,-0.4724008453025538,2.0693153463756406,3.626687070527004,1.6671275568673112,-0.4316203127180484,-0.20368979071286647,0.40373009033660945,0.07902896041337659,-0.024195606390916165,0
0.8990375625171748,-0.4085196615602038,2.159815896131489,1.7105823109112053,-0.9928265459897485,-1.090399077442846,0.7123671008164981,1.41093237974627,0.15160387119892527,-0.09858813228426173,0
-0.020730376224534445,0.7105720465791938,1.2446619556110758,0.42757565614830195,-1.2216361810007799,0.05088770185601806,-0.23319751982573056,0.1733416643704082,-0.8856413135247496,0.24395319790850026,1
0.7606988906824335,1.186507949612241,1.252630860967845,-1.8085977624292533,-1.2943488343426894,-0.622649361734452,-1.1448692321198524,0.1946074552372427,2.4200991002964978,-0.7424705856980482,0
-4.9612087359294295,-0.6907488690335342,3.6148782886895967,-0.6552995827156236,0.03802658316704888,-0.4367197360405955,-2.0131477668038062,-0.06613261462582246,-3.481949041959689,2.0997217891665154,2
-1.5686091511812603,-1.263699806512273,-0.17259001907972604,-3.404228074005102,0.4371708030653475,0.40429475496169764,-0.5554201261038685,1.235782191822154,1.6900271830840379,-1.0710536796490489,2
-3.328898903543506,-0.7462467008529227,2.325316003541414,-0.2109567114705394,0.5638632079299342,0.30381859560487573,-1.3201078661447099,0.7215625051261435,-2.038406492210507,-0.23086637384476896,2
-0.8441539964246174,-1.5611918448056556,-0.6073849034996359,-0.9009160282165894,0.6492367627179648,0.7441919714999368,0.6589298626907015,-0.181224173218103,0.0644613298279122,-0.649373038321426,2
0.2753203437935222,-0.7441386600712325,-0.3396052593419103,-0.022823924727266576,0.2700577904347463,1.100959634998571,0.6047811535117088,1.9583474542205939,0.4968930404432583,-1.2295495944524168,1
-2.7791815316371578,-2.0875507908667283,1.7610343929574923,-1.6016618364557256,0.8564852719405773,0.42359906559346105,-0.562314448613217,2.062524919243145,0.14348619057209955,-1.0675329142542729,0
0.30633463360277285,-2.2946891896812875,0.7802708196690119,1.7014909113035954,0.5647842212323102,-0.646227309843803,1.7528383194357717,1.775310892609512,0.0751464984687994,-1.19363683175648,0
0.052769104263360365,-0.6598723715060324,-0.27236748098770747,0.16193823516066685,-0.6037929866366887,0.0012054753622242368,1.0241148278062155,-0.8170886310681906,-0.9250055873500318,0.6592456684324051,1
1.2549394905063338,1.3659026769713223,0.562007354669481,1.0830114744236132,-0.5801400267670707,1.6426729532559634,-0.39753306917516695,-0.9006207346478687,0.38783175311625784,0.638391925608383,1
-1.47579018709615,-3.3327026475730612,-0.2881873034382645,-1.1997322113155091,1.3715462708871893,-0.2918112689155441,1.297579423364906,-1.563190808696657,0.6339024078664366,0.883109777147159,0
0.2570011575681339,0.7633662032896085,-3.272920681311523,0.0675641325583144,3.0675029865180807,-0.33381948975600995,-0.9379216569618288,1.1731246375866413,1.058304789227086,0.3696421921980939,1
-1.3160734428952128,-1.3063895639472138,-0.3874719481604547,-1.5200439081045296,1.2131386445013839,0.4215866106144557,-0.22566783397800697,0.8389405004696122,0.8033642323452272,-0.6172531865469232,2
0.5173489659939625,-2.0507016281198265,0.7383571055058924,2.142071225755762,0.9421973236144755,-0.42930222451725997,1.5451018060885358,-0.692420979873856,0.2898027673567751,-1.4063174636718339,0
-2.2227116892433685,1.6693993849805464,0.027918577280340195,-1.689843507817265,1.4167058516825106,0.6354180302092264,-3.03693330650828,-1.2392583948534726,0.03581303538674541,0.05993263026632825,1
1.2622407526530628,0.3837646281229006,1.3961889766318007,2.2093634338257466,0.24074563398590343,0.15985639199740037,-0.06866321454581964,-1.0276751409259581,0.8638467206134601,1.2657078408647007,0
-3.4156036316805016,-2.3198841790582527,-0.3155123357467602,-3.5485679083160844,1.0315106043356301,1.4532606633210343,-0.37870543663304396,-1.3386057997232488,-0.182989505811043,0.6929186230316111,2
-1.1085137853495182,-0.17863522197953163,0.2297710688522705,-0.8814594711677051,1.6430230484670312,-0.7157599891107518,-1.3534031105480233,0.6820520657126199,1.324907470034094,1.4872461553359273,2
2.3856792512240252,1.1322367321111373,1.516423822594243,3.037690422653202,-0.47239258333753353,0.9648516330974576,0.16262670740097845,1.6155828235482317,0.8744617777264381,-1.234348871879922,0
0.9921419772341951,1.6814265539189117,-0.9255780716011737,0.3820153499822926,1.15011710852029,-1.7690759048891183,-1.2887802104059047,-0.6947131310890582,1.451035685645193,-0.409282438113104,1
-1.702845226652417,-1.7833151487062975,0.15472003981006088,-0.9691619983984392,-0.1449839305627465,0.03279699541158651,0.8005779217919565,-0.7584953347000695,-1.3522668617491655,-0.23040071420576733,2
-0.35709638455691933,-2.693721130369143,0.17731416828445368,1.0244321538896246,1.285524836043509,-0.07783719701280203,1.5680150020661243,-0.18047991359062565,0.1720296883419905,3.193107567844861,0
1.0375088085496005,-0.849011446895608,1.2033235825439217,3.7959062350832444,1.926929460303369,-0.21492103028873533,0.48812049726864293,-0.30803428418574125,0.7007661505341778,0.7796605322693398,0
0.9233737802593809,-0.7569718559057468,1.4990753732651245,1.2054111932361031,-0.9543160078751478,-0.2595466775839172,1.0703880361905984,0.738810480887503,0.253190885077175,0.6153674840130534,0
-1.9331840907050988,-2.193366497449542,-1.1603540617250894,-1.2439234147541611,2.1383872651653455,0.3636318826249679,0.23565678921422192,0.8868873900973003,0.11175197317792529,-0.42076179368105326,2
-1.7301519767607332,-0.8191887738179362,1.8160548405678707,-1.0540165038927534,-0.9138639746235999,1.1941094030473725,-0.2174407679482777,-0.9811655311396816,-0.9130947359039746,-0.46440426230938764,2
1.1484963147350438,0.2095141062261403,0.2375568886700521,1.470149841696411,2.0058323095868262,1.2171585208254965,-0.7166389310202845,1.5213160519224513,2.5075865671784268,0.9983108981479604,0
2.74461467391113,-0.1931275783659394,0.7861595356611997,-1.2742382040577187,-1.3520924923184274,0.19473619471877485,0.666778680389221,-0.018708756445897416,4.363448312393627,-0.38851845308888583,1
-1.0411137739904204,-2.3046724424041183,0.07839316457696599,1.5598807995183561,3.4330836745689726,2.589563642018614,0.1481860267707734,0.5796331732135757,0.9068359474889965,0.32579631658216646,0
0.5483059745118916,1.5504787370081785,1.3045584405686954,1.003147023939289,-1.8095017083565645,-0.3431922754974105,-0.2969851320927872,0.6215718898560508,-1.3215065131413026,-0.36961033604363397,1
-2.5558081757073854,-1.0604069004636387,0.3402627444590478,-1.2776176985237615,1.1753323809928442,-0.005596018829046555,-0.827507624700005,0.6687416555925126,-0.7014773485286043,-1.0917008761393143,2
-6.3287768048680695,-1.5839282152060763,2.8864134258192777,-1.5822242569148488,1.2096845240917309,1.2119439853864005,-2.219362910115413,0.26125053123385605,-3.7016155768445755,-0.36927713924620315,2
2.777822455045057,1.2159882848143788,1.6766998679183136,0.9168669088290495,-2.4627589161471466,0.5556044660034485,0.5431284340875895,0.08958068125524882,1.5414011839162605,-0.1973384203073261,1
0.12714286713640693,-1.1410066859496908,-0.6011639027641873,-0.13243313315736127,0.7062978287287447,-0.3340772309799405,0.7125561712348899,0.5646059258936003,0.699878984806088,-1.0196643386921156,2
1.7963384408345644,0.15135363380831457,1.9530419848503353,1.9848018679933186,-1.3206825759371914,0.018849622944847662,0.7884741737869121,0.7082144232565571,0.5893443147187742,0.23321613126350166,0
-0.2816288430503935,-0.9576590728891545,1.0393357222277275,1.2920262845515427,1.7083639511593436,-1.0097307047099375,-0.2695670787391348,0.6191542610051978,1.0296987707053258,2.0574954697116987,0
1.0521856397976033,0.11842132930992233,0.9950198172641271,-0.9041094247486217,-0.9349814794688256,-1.881849045497639,-0.07165272534154406,-0.5487249077409615,2.1716926969588957,0.09284490114111471,0
-0.3307013600346007,-0.8082040241579076,-0.0008323705732558029,-0.48460373236119025,0.5934002541744247,1.340461051790348,0.08294982627051992,-1.2995812369275976,0.7325563211914037,0.8297324178791745,2
-2.0994471770845164,0.024333526702261632,1.7316786825651098,-1.6017374581450574,-0.7946659576937771,-0.8096035199216461,-1.1470564950372086,0.4240610444640897,-0.8683163646177487,-0.47383934707091613,1
-0.5741266230833454,-1.9986334232142382,1.568464671044313,0.8515132747533471,0.10851717384237292,-0.47490365662252443,1.036501848139605,0.8712972974572442,-0.2118250329892697,-1.3459796802467485,0
0.06603754782709106,-0.870875002635588,-0.562849547720655,-0.11380619907933298,0.9640252013845431,1.5379319184125528,0.33707085579029844,-1.1225448062444139,0.889267914370306,-0.9175028210142636,2
3.08905381895263,0.7375241833082395,1.7985868315743292,0.5853939128875999,-2.45888703044679,1.0560568090660518,0.8128027143053758,0.22323891412915967,2.4573844415729194,-0.05489400061628639,1
1.4439662242610078,0.85726610071437,3.1575504320924743,0.7876953822926236,-2.401812834793553,-0.31607285602704976,-0.08159156136396414,0.6157711497711416,1.0230747992130271,1.2038844371688162,1
-0.9176468537284526,-3.3449601614340363,0.12185425161768448,-0.6288121778619091,0.06331182769592958,-0.22346598237185214,2.158494744844179,-0.3493167961181975,-0.274425349349531,-0.01941960588773261,0
2.680650451411648,1.3799422883253367,0.6061525765390063,3.295289093743479,1.5853411220425562,-0.5047749212282174,-0.6882507632229053,0.840620026504553,2.5656907780742944,0.5467335682013793,0
-0.46035894273857525,-3.447968399032467,-0.3838247949122997,0.43801397525672026,1.376148353425411,0.3506300992735592,2.124352895667188,0.4891871301476635,0.33756785427965097,0.6347214685617699,0
-1.953783293086043,-0.7820489925060917,1.8771953544717637,-1.8735669141112754,-0.9055774940948267,0.6833289928110694,-0.5767974318227813,-0.20931381957936157,-0.33565314637920085,1.0729780477660118,2
-0.7208642735835811,-1.5420788914575325,1.3082851003127225,1.9316978652711776,2.4241309978844665,-1.6019658118971685,-0.19755695810790005,-0.24606248812994858,0.7837734434084493,-0.8432465953161917,0
-5.9570146878583925,-0.233747293972278,3.0711026523414673,0.5996702400238978,2.351005976765739,2.0243096232868525,-3.22438075998997,-1.3631740045928105,-4.101813892188832,0.18970616761039566,2
2.288843421008118,-1.0070225871211491,-1.9754923961003508,0.10763192642144848,0.7454645659006367,0.6802161054504494,1.5931143652984239,1.192507512477975,2.4934909284457096,-1.7785875840065168,2
-0.46194756798642367,-1.7937997522332272,-1.6147381669492895,0.2930037224503408,1.3567676737102952,0.4720022709192744,1.295610554481401,0.07595526791608741,-0.6117698026997089,0.7426824183597224,2
0.1974553775728852,1.3333629011606403,1.2902240301175354,-1.8066972906962797,-1.1991851132284193,0.7542913298135743,-1.4256277307088645,1.188913371474643,1.7393231647346243,0.7083038472010638,1
2.9890526874879346,1.5865257197333626,1.0463944973713775,1.758405418875465,-1.112866654327159,0.5576910607251245,0.05450851698297595,-1.111457956937032,1.9454653542120077,0.24650477843200488,1
-5.435588819679524,-0.4315514744789346,2.0639224306888684,-1.2251789205141121,2.4215503276408277,1.4015985929464294,-3.1976778129629357,0.6504500925361392,-2.1820262408361133,-1.503080301759818,2
-1.2630477616430609,0.9092588967954716,3.5621398772638058,0.3543170318828105,-1.740233228993492,-0.6751782749743815,-1.2683755288463008,-0.14451867071551783,-1.3504792853350804,-0.7924199209999613,1
-3.9917944312472398,-0.5117139993799513,4.01223493121314,-0.15464064013113932,-1.2133213719351001,2.3638724946193608,-1.2787491414811953,-0.7859860326349823,-3.6916972859759136,-1.3810446031537749,2
-1.2948099776010837,0.8788657016324041,1.5292864331880065,0.3347929540519793,-0.2928112820643082,0.39241596717876703,-1.253529545511557,-0.5089636257074988,-1.3731906885233216,-0.025574312191994436,1
-0.8061635268714894,-0.7477644536161079,0.7616831291148933,-0.6187893694427402,1.6614407761078605,0.6778753195309076,-0.9977166675298903,-0.6540756831274238,1.961228489047043,-1.830632896856457,0
-1.6010175825868036,-1.3691067544027382,-0.828343533525604,-2.678775101312645,1.8192743092917414,-0.19090379172729868,-0.7610214544141298,0.7197579421481819,1.9131547787254122,-1.2932729578711637,2
-2.0554886953940557,-3.018361724440815,0.8549074196793893,-0.9191317354515336,0.5319093430490621,0.02131164867194222,1.0541635579240802,1.9011906857530074,-0.5305850613686598,-0.060660813814620775,0
1.092689558835415,-0.35908885946008284,0.5696525493138909,0.8823479717577056,0.829443994644824,1.1096998419562232,0.05678437616829893,0.40981865692851255,2.035090795217704,-0.24125765461854246,0
4.7653253835344715,0.4204706535017019,1.179080954453446,2.90836428795408,-2.655025610768317,0.28555407485765694,2.4548930127005177,0.5211224283793383,1.7817155408945662,0.645215585950057,1
-2.478732068401982,-1.2865919380467539,1.061385619653541,-1.8109762487155643,-0.013686585495393366,-0.3570292008066094,-0.4294194840955423,0.8903831635197862,-0.7723664954656755,0.5752050161065663,2
-3.051573738952994,-1.9043428795067667,-1.2869131743404463,-2.7178032641123497,3.18939312605682,0.5720574417141441,-1.196650001748336,-0.062191016999311004,1.0691275004767555,1.1243533598705027,2
-1.13630864530566,-0.24850035180815744,2.3414663041014556,-0.3938642573632982,0.176702313389817,0.36150352520610163,-1.1719388512188822,-1.1437262073206618,0.8295564159135758,0.10855970577652314,0
0.8353554971473021,-1.4665408507089994,0.4666158918482558,2.1041590893579283,1.3935619953907756,0.0678555105274033,0.9889364366790456,0.8527736751222195,1.0271725784749013,0.48473281729447476,0
0.28422900897182773,-2.457488742052361,-0.5312994025111946,1.914678691089494,2.9603281307058134,1.7106133725819253,1.1233011027467434,-0.1044492185374715,1.4446279644440638,-0.16882172319001063,0
4.778244769073994,1.4945337480157264,-0.5494578432094928,0.8807003312053977,-0.5403618265486156,-0.10322175293249623,0.4774007484033486,0.26536234939962844,4.784532880271737,-0.5827586576115821,1
5.472853145498202,2.7367332043994113,1.4291705135225796,1.2737317925738565,-3.5341324900964466,-0.8818746512277178,0.6462103821747557,-0.16306696394376388,3.5435422979699864,-0.7449026448064491,1
4.241350248783133,2.8267353162548106,0.8376375910582798,3.157763888080724,-1.2073618620503013,-0.014452270878279104,-0.10776736330807771,0.5462842480036996,1.9436586229746968,0.0064222698109378164,1
-1.3876900013270899,-1.1455847214450052,2.8918164581415526,1.4262976682709358,0.6160428838536913,-0.30317978283427544,-0.40369491151767106,0.7999419019420501,-0.42396394350842037,-1.616310608436588,0
-2.5634144865432633,-1.089399880185492,1.0776319557797003,-2.376781992928799,0.6360708693900445,-0.8304444065565653,-1.15089904463273,0.5225141052657575,0.4027711546990589,0.4183982208886837,2
-1.1192291948559552,-1.0147897857378005,1.5206658906563,2.10930773002247,2.9027820801299393,1.1876793884615637,-0.9756326599522576,-0.4646172972983931,0.6912799104928306,0.2011596558728393,0
-1.2709640734264387,-0.2261208825447728,1.5608946163614879,0.9462570452583745,2.471808455880731,0.9528745472029388,-1.76187264802654,1.6122782579886454,1.1740906693055388,1.3149144535840473,1
1.385060376497132,0.6502087538209512,-0.07439436678221067,0.7257600395783164,0.18793011805441706,-1.1267674689098053,-0.10811941343080896,-1.1939250063990554,1.3348914175168622,0.14294309476370676,1
-0.17988359987258512,-0.7044857364882297,1.217887300070289,-1.5889245255935474,-1.032814288255599,-0.31905393566661816,0.10033806679819748,-0.796025856803489,1.2399237868932578,1.0760071385985983,0
1.899103064151508,1.431301929509782,1.106621687160991,1.0000857753741956,-0.8900634381775359,-0.9943493746085122,-0.4071041260037457,-2.5623336587953105,1.4728147481547647,-0.19102776260016902,1
0.4722260180207838,-0.3976084282396287,1.4111821384615508,1.9687764191544117,0.8885418057002146,-0.20922187374452778,-0.045731961508589186,-1.6834381922209503,0.7612280184945431,-0.8058700664961888,0
-3.3620490471650193,-4.456795832296167,0.433715477628155,-1.309276417194607,3.1930883568060415,0.29875290836568624,0.493071222767608,-0.7517910500951843,0.701927221180726,-0.4263575962055433,0
4.128413529295807,0.9608963387701911,2.918498047544585,2.436208583164067,-2.5601096661590965,-3.0195121558208253,1.0189636808331834,0.18384954475369486,2.7895470897853,1.8005111815108537,1
-0.897164517847896,0.31231098820143555,1.2387457023318107,-0.989350755855753,-1.5098613448200338,-1.345870923473215,-0.36477736635175645,-0.8192578597214978,-0.9753757615141676,-0.47622087354465903,1
-0.40002556416451485,-0.4215895987027295,0.9437433315130843,0.9268194064021724,-0.27731869110409035,1.0176614668435024,0.3314034519117988,0.271495310825648,-1.0602024688539033,0.5514762752395233,2
0.6298169609685905,-0.662727400925522,0.37336095853468676,0.29849534965825286,0.2939252734898594,-0.9745293046706415,0.4059257030680131,1.1070806692869728,1.251777210916489,-0.12038116395359824,0
-1.0259764086942356,-0.22885168141087298,1.6616016070134365,1.271759989616096,-0.3296923521084585,-0.7666565877833479,-0.0768432542050409,-0.5495571359085801,-1.815268385878133,0.8595878869798019,2
-0.15711539944800518,-2.079619113425472,-0.717361317103282,-0.3418808796564561,1.4113639047476658,-0.33477533210654087,0.9767205830943341,-0.4036484632419967,1.2572602507407344,-0.955122579349353,0
0.02380562471448854,1.3975089003699939,-1.1095569377397716,-0.18701661197037556,1.0284483696467488,0.7408243454201259,-1.2763553530683387,-0.5132135664715852,0.3955094540833628,-0.22859991534001858,1
-1.5094314288018682,-2.464472946047345,0.624377579376362,1.1803922550397106,2.6910301978710924,1.1484457091967548,0.2674736170902952,0.11327041053776446,0.25044573362737643,-1.4382779783173667,0
-7.89443154344576,-0.5742045032614884,4.452315862702724,-2.230483367555265,0.945145289143882,-0.5583017539460305,-3.9671467318134153,-1.100154232971695,-4.400219652218703,0.4395012306202264,2
2.4578441709851755,0.1297626450010394,0.6928405915593585,2.9892450808849302,0.21821635423197483,0.07005216311318138,0.882853459797225,1.1618783026081905,1.2089098441348152,-0.9273531341905741,0
-5.960357287024418,-1.1325396429446313,1.8738747060147234,-1.3039146445045378,3.0116528352328387,0.6793732829565033,-3.024330161226365,-1.148794035158656,-2.302133316811021,0.6663125009092119,2
2.1350233802055527,-1.0134223119538688,1.003266746261276,0.8184898324243602,-1.8879827164700471,1.3744380931708173,2.0826738128741558,-2.1356742139786955,0.9795495050586941,3.1377485336599937,1
-2.135279376789233,-1.048435139681275,1.2021719475410704,-0.027992506617595003,0.5257291572373074,-0.3695269288333586,-0.34474875214593353,-0.1314725956716678,-1.4258823347316885,0.8260471714415063,2
3.4443611095166293,1.1064035420680804,-1.9673664270046922,2.534096524321126,1.3572741108876545,0.5008444749444569,0.5778719639635055,-1.801057734152739,2.1877137558134634,-0.5426737997340217,1
-2.445762586959404,-1.0166495329645007,1.3208162598651454,-1.083445111187249,0.536563639995662,-0.02355215087423812,-0.8151154989711638,-0.17435425790283585,-0.6817751307312951,0.22530792204094158,2
2.5216465555873766,0.908692706615392,-0.0707706530553096,3.2026816714236483,-0.30542358374568934,2.6443433470170348,0.9575139765287287,-1.5029703283951532,-0.14588155700362204,0.25373966149457344,1
-3.342019977103233,-2.8586053069521755,1.7356804594105495,-2.196553332110475,1.2563126449673183,-1.0909664302151982,-0.4653095801016827,-0.4108142879545848,0.42353970211724734,-1.1057046684859357,0
-0.3853453256674391,0.2272538647523814,2.0155599189096924,-0.09388527435110439,-1.2961565357538394,-0.5029747705513431,-0.3554040464288565,0.26348721533105957,-0.3158115712374695,0.2942241290134937,2
-4.572871202725087,-0.9789580599604452,0.7387839050702318,-0.7829365610606318,3.309968127852941,-0.6500239344068982,-2.4464078863377194,-0.08343796979036086,-1.4297926530938796,-1.44964521969853,2
-0.582913254021156,-1.050195857588845,1.2021652332774957,-1.0578522600083202,0.06207563860142662,0.5112025995249807,-0.1408017600137137,1.3736585451629577,1.3355140954074365,-0.13744851462769186,0
1.3277842264576418,-1.857001040799441,2.373853977592198,1.271831967530414,-0.9727337540148975,0.3080505395041023,1.6773477849171043,-0.3916485674217911,1.500123328671192,0.26912694124510733,1
-2.2551414567169545,-1.6161619750849692,1.0466463477594206,-0.5236076043055722,-0.6756986445360511,-1.4511756900515589,0.6564762051700003,-0.01208894784605456,-2.49405082351619,-1.252393444413119,2
-1.5291881787627082,-0.9558214153938731,-0.07334871763044348,0.09632915835755296,1.5325890305769352,-0.5358014630522978,-0.3249235356624031,-1.7073579575929467,-0.5865207491938195,-1.1165244399486591,2
-1.238793241990681,-0.4007080280548384,0.6144699004695786,-0.8751973424548106,0.6284691366961487,1.3814540786904865,-0.7850114248501869,-1.2922626951056186,0.3322237317293928,0.6897078052451944,2
-3.469844644465959,-1.029126478024712,0.975845529371814,-1.8806402877754234,1.486224457607858,0.4620608932518965,-1.6348922045402878,0.7833905092825955,-0.5475173383094334,-0.2515388860444957,2
0.7965419035654997,-0.20287853727939986,0.9038130032763408,0.29147871790166047,0.5227783593069752,0.12637957954641182,-0.2673582257781278,1.9389289990582848,2.1335243944811886,-1.0003313246055747,0
-3.522883042968232,-1.297197445797615,1.8700012422459777,-1.3309782459203863,-0.2205882920486455,-0.24702570074599667,-0.6587000054859162,-0.3583401520212222,-2.347950257080603,-0.6475418056351592,2
1.911216285151939,0.7961022021655013,1.9464651673956905,0.29449925469254257,-3.023484278818463,2.412615421612916,0.7267314875195799,0.7846042878980238,0.5670345416289201,-0.01926037973439464,1
1.7286761054440603,0.5158178764045408,-0.38771929293198837,0.41196484478183926,0.04488411265362702,0.08865759096143744,0.16264982210362341,0.1973157074055956,1.7532817976713808,-0.6176518954343502,1
-0.07480277803798062,-1.6396908671366255,0.5178322519416985,-0.6837412051049563,0.48979067579664126,-0.7084067669104628,0.5610890758333841,-1.5137143926128271,1.6498013960919224,-1.803139676255945,0
-2.423891024453727,-1.0150849545780722,1.356677810863924,0.19814109518871392,-0.005625688088804148,0.6934789119139937,-0.1119014793159739,-0.3920126399191296,-2.5357503000393935,1.0599363840466218,2
-4.505357435897749,-1.5231209245577975,1.0676291754673306,-2.6096074273789682,1.8288779476864918,0.6170059495766975,-1.8939676851492915,0.6835693232004776,-0.7934518057035456,-1.3659557112005343,2
-0.8807563842199108,-0.2636609086401537,1.900886089178763,-1.071620316563605,-0.44157180617415204,-0.8661748482145009,-0.8071958828814857,0.9694572005267368,0.865501986449312,0.42719436187168486,0
-4.8609713120194264,0.40503341655890934,2.8149933978025796,-0.47373036644333943,1.7748621135882674,-1.8665399513606162,-3.446495470708724,1.0075136898369221,-2.313621496122651,-0.684629825760004,2
2.2143183650529004,0.6155584034561866,2.1972317140867332,-0.14197339007601273,-2.5965534523219285,-1.1808128153088449,0.4395329053716162,1.114321694668872,2.126007573754624,0.7153813154412441,1
1.5957039735914367,1.205848318529801,1.8521266426251195,0.6571658299622994,-2.695184786338704,-0.32789471651291785,0.3217896744032893,0.15519068385897913,0.004675364657174663,0.8250982646676347,1
-2.5739613788020255,-0.7435796358063945,0.8774310447313445,-2.2469157823214196,1.0924861031850048,1.0519476177229186,-1.5568015975412617,-0.9980606273144129,0.5767742736190884,-0.3839712719523516,2
-0.21662067233355303,-2.3966043406514608,1.3790165138744412,0.33382179984390137,-0.0790747953146822,0.7094518171390395,1.4249624237107728,-0.43548637056984335,0.5014121055267156,0.5131057981760827,0
-0.2908071922756955,-0.23880884396850377,0.772937535451982,0.0324922207599565,1.3359876236229922,-0.4827435221820324,-0.9170806595556341,-0.9533286082587124,1.6438400910171316,0.12267031599479553,0
-3.3710518316215548,-0.5177384597281494,2.389580725462373,-1.1150278182445519,0.04407517358926172,-0.5975101946916416,-1.5279049208060849,1.4223698616985077,-1.7068915880840854,1.7388996637975789,2
2.0599116852318358,0.8318575900864817,-1.4986506532393573,0.3323775872140714,1.4511008287976042,-0.19382613877280352,-0.3956276908024602,-0.26451484131061076,2.9637191848431206,-2.0038623644067535,1
3.2466456673767103,2.429989251877145,1.0080418265578386,2.34995314058101,-1.6341840541784631,0.4966992232365217,-0.05926033234858588,-0.46531045678005334,1.045089828911229,-0.10594835430413566,1
0.4320206516203846,1.0071200933723412,0.4581498040119417,-0.23473672754981845,-0.0010756145043675502,-0.1512732836535117,-0.967454639833408,-0.194908280352681,1.147756309438405,1.1337700968670645,1
-2.1891182389874797,0.2392827951220835,1.5469246550350266,-1.3617546861000829,1.0692614716351816,0.4822489526806572,-2.2279246506959205,-1.2376624223272978,0.6497485502067477,0.8691560643892732,2
-0.1396833269339716,-1.704263493736776,0.8478718125666368,-0.5289692637433459,-0.03132447622048895,-0.23893209916969432,0.8100721124341084,-0.36682441181468756,1.0876091321411028,-0.3917581490438219,0
0.3771416878117632,-1.7084297437952327,1.0955257169987003,1.6232256812245287,0.4988797859974381,1.6246784584695606,1.193999313231262,0.3230792731160291,0.39184387023894307,-0.2523535021262876,0
2.079158050741602,0.4479723164111935,2.9051718275026768,2.4135512306053575,-2.312621146265471,1.2389463529394373,0.9193526236636426,0.20965941527462578,0.18663210477431358,-0.49163618563204736,1
0.4294659429760429,0.6493304559035569,-1.5787348776826127,-0.07852246366300242,2.361576158413249,0.5054701591666269,-1.1497890469175815,1.0602099074988798,2.0122125937840467,2.7596600389110777,1
2.9067481936565875,1.0081527983919014,1.2962634973126774,3.2669815424115427,-0.44254711191536056,-1.5811907020321334,0.49530904019292504,0.8950383140761154,1.2506660335728315,-0.4830610516834395,0
-0.9129887492687202,-0.9503757310360547,1.4031843781987081,0.31826444196552983,1.1949213956836382,-0.11806852699107874,-0.5543322188626751,-2.1218548990085946,0.8489979589983002,-0.6078219870944325,0
-2.553387724463871,-1.0215876457004978,-0.3494637561694143,-1.566107520411332,2.346149743892891,0.0341524174880246,-1.331082688711548,-1.0872459388628026,0.34401386172278237,-1.0858251288851855,2
-0.36265849881183393,-1.1168584803553445,2.1276954570075537,2.2701295088655704,0.7126745733295321,0.9192289345752035,0.2757340626947857,-0.668144085538994,-0.32315295382505704,1.8732977762175456,0
-0.5227432281734125,-0.7383843368312462,0.8206915076935681,0.4109966366212673,1.819240287669756,-1.6624919880356743,-0.738675770436809,1.0325462043416573,1.5269301335540633,1.1267051368275833,0
1.2582899369530747,1.9476291481324353,1.7939632812538564,-0.6896747488956927,-0.9047496969542539,0.9191541736100015,-1.729652415404238,1.0005823180429783,2.782508098006655,-0.6706202090766449,0
2.7512019033415305,0.811134631228985,1.3549256306798387,1.2385314095755842,-1.234777142414262,-0.573601772896901,0.3949655231453251,0.1018562952619867,2.2995320986049186,1.5490201514951873,1
-0.08350574219025259,-1.0702578103005846,0.832314929389411,-0.540090975141063,-0.950463331380646,-0.8671302157109003,0.8461572369081374,-0.6581164890752567,0.11301435270328597,-0.30372602877666466,1
0.5407348829445175,0.8087958965731115,1.9609179417966258,0.6419467857017944,-1.1817324196227639,1.1241127199860135,-0.4535592426565964,0.9475264621228578,0.2933519044135313,-0.7728776678236091,1
0.47810352389839006,1.087211636889282,0.6947008171930067,0.42316898033058237,0.2758309663810419,0.6012067489291149,-1.0622858701064788,-1.4438548161335418,1.022451259415955,-2.296180953137238,1
-4.437597880805591,-0.4497825890986916,2.2247668190808767,-0.7639694625424879,1.9817483022526443,0.9216501119244593,-2.67888621134969,-0.12754912037753421,-1.5894069086514275,1.5111549302473475,2
0.9265788726155775,0.07747400723461295,0.8402817902445777,1.4721590079018452,1.1097587928951882,0.4523717962497339,-0.3900613394600916,-1.0623935281468797,1.6837966190848128,0.4283070972076486,0
0.8831093773700168,0.7217242940070641,1.8078941876656658,0.3705213747815981,-0.7886287456752031,0.4676931717654332,-0.5724734157980916,1.0857863249393471,1.378990503309166,0.09798315347089544,1
-3.654414293998803,-2.3553561891325487,0.06203318841150496,-3.067127876862617,1.3174801978329633,-0.9242331442683044,-0.5515452572755968,0.8901984111247868,-0.40516711828324314,1.0352493347237526,2
-0.5178979228110937,-0.7004855052112524,-1.3575000466263258,-0.13581284949794725,2.939842488008283,-0.9564363768180087,-0.6969081000847909,0.47240627788037737,1.6199000180522347,1.484116028535965,2
1.2652292829051741,-0.7192632468082767,-0.06237405943598717,0.6794796531227918,0.24259356398446508,-2.172669546014036,0.8868716323041104,0.8474216771504216,1.3724871990378573,-0.5353281859539227,0
-0.2376729305115603,-0.026077460915871042,2.3237438094575937,1.1568851430490583,0.6083429593802341,1.639964529371393,-0.9279641332954354,0.7421274910718922,0.9645549253867968,0.0754336389015928,0
1.2912240241550232,2.181256046122959,0.5483519862327466,0.9449648790281162,-0.7273177821782393,-0.47209057769712737,-0.9818981491421496,-1.9792998103757877,0.3542880876613079,0.7479102561175338,1
-0.7187029599715944,1.8175781255334755,-0.5335343517748907,0.04330293178854128,0.025588579018953395,0.9375701376265584,-1.3267128630719214,-1.6075598643689741,-1.5804738380879706,-0.7627247785662142,1
1.6129496244117756,0.56114790284269,0.8787055183712477,2.4739582402798588,0.9735011294745916,0.793488720552213,-0.2651561514815713,-1.7485319732381808,1.4814558445005457,1.3043402428781525,0
0.6236513543438651,-0.8277334856527958,-2.0496333424014783,-0.046226992582781734,2.275440593600856,-1.2504077339697175,0.28237480847170293,0.6045153263553668,1.8907800005913007,0.8823330623234091,2
-4.631038990872221,-1.006124061502577,1.5201064037727678,-0.30651724120404233,2.578076295085464,0.8876554258738361,-2.1853641535980164,-0.3206676255571917,-2.19373383301736,1.7952113559123222,2
-2.9228163678010617,-1.0241107230321347,1.0032750748320052,-1.8501872911034494,0.9121262080431292,1.321304032273012,-1.2215018479819522,1.4196030045136372,-0.4094261737786219,-0.6004235657387051,2
3.454294202986424,-0.5528018837711584,1.8826932110722314,3.8853433823149888,-0.8614853860163769,-0.3700110298821277,2.0040397017767018,-0.25879606266710237,1.4988029350159848,1.598647170504717,1
2.000021408684152,2.255313560725164,-1.2697928666011005,0.08162982769000049,-0.03783044670210878,-0.7691423497872982,-0.848791731498662,-0.9399031011088647,1.58141414074823,0.8294748419317485,1
2.1958589411117475,1.0717337768447548,1.4881315855217911,3.759993677731725,-0.2236943593539169,0.49822174849678513,0.2790502537003249,1.1401490385212665,0.11744364277096109,1.5805406865683735,1
-3.124110261672246,-0.8711702235620812,1.3843121005982575,-0.3491690241364489,0.6432902068505937,1.1126883749899252,-0.8975695675545639,-0.6292633936927887,-2.2458541826398983,1.5337277099164992,2
-0.3028089570536314,-2.458481892572383,0.8047732465631217,1.8547993083454108,1.7005740336244797,-1.3200225112207058,1.1740391964405388,-0.6117690909052854,0.3292235782388391,-0.03703679704841202,0
