Feature1,Feature2,Feature3,Feature4,Feature5,Label
4.679301083914542,10.363427435798801,64.5106327987762,0.6647402272109342,347.61269447579207,2
6.325922706782733,14.135958075562254,57.54405465372204,0.7733587976317737,239.12946485225316,0
3.682400561860182,11.518910232968931,115.3402747307031,0.3153111941462259,775.8066148159285,0
8.058463757698657,9.387464182297801,71.45987871980734,0.6897843637475485,357.51889126634234,2
12.187787228813912,7.513444365448056,44.34786728078669,0.3577166308082791,822.522306375732,0
13.19696752524884,8.931583214044101,62.827670172208684,0.8336899621583981,622.0231855382228,2
10.996878827509772,17.501493583705017,100.72337574417662,0.7792919913925468,135.70516946192174,0
11.453458441127093,12.067320038543684,89.48146310467278,0.34895799274724926,494.28250444132783,2
5.961255731194125,10.478166819737378,118.26083639504768,0.5021891865377293,605.5097458841857,0
10.084322212780883,9.886360710283862,40.17784109148632,0.38834401614329617,151.10807037624787,0
4.027105825121512,15.698927788463074,112.19638843280536,0.8196154678858082,468.94504965750343,1
3.8765447417263124,13.848144331283862,47.267181747652536,0.6664711763831329,627.1635757365194,0
9.485751288014507,11.288734989525658,124.93971582213827,0.37794130155819866,933.2147042261281,2
6.7767459204413045,15.03365890026859,34.42769544070193,0.7841689260920638,754.9122829577705,2
13.87763763430031,9.960261826283737,86.60488740926897,0.3752729611667068,785.766662179672,2
9.891205268527349,12.763220040043958,100.67162006767708,0.41093584835680375,908.340371283498,2
10.499572077590486,10.686647958069635,100.12671140095127,0.39506460879053945,242.92527444858536,1
9.07482495110876,12.791263875181423,79.87401495566357,0.3367331393821802,822.610115248896,1
5.9574606367708505,10.700162358206459,76.95000024576899,0.5418132495146678,327.0720717389301,1
7.105853250805313,8.860637716630512,77.35805400714156,0.8166891233976171,359.9192212955432,2
5.452209088958817,17.534196259177918,118.0910320045176,0.6473042103337733,911.751223647479,1
5.0508686039239965,7.655480037485193,47.9721186400258,0.39127880751158806,339.6606700715424,1
7.297129027990053,8.397552131293322,100.65116195681917,0.5140380601900748,638.4881537396197,2
5.124786462005066,8.015345179536109,63.58946845484133,0.1738347124073215,703.2379005628271,1
9.72002024490635,8.309173026621067,79.09257549693797,0.6859251306451007,200.9754109022295,0
12.710892919935668,11.937449913776543,87.78624848932671,0.4381108586424032,930.8063200281372,1
9.845727067526399,7.157389158065712,37.73331760838062,0.7407313637764392,875.0001873415023,2
5.784308386250266,15.351295092571513,67.54754574048829,0.6329042059009639,941.9876236779005,0
4.979233374009453,14.242210412574632,66.83622778093999,0.8372323881371417,202.8934085158711,2
11.980449165798849,9.60163111573207,96.16616686398406,0.31330577110543184,774.1929613611165,1
5.479087827467424,10.409418310413919,87.1486304530662,0.43765338099430395,784.9330346299034,2
8.68542854004433,12.974047486495653,120.80474027829217,0.29935565341409626,238.8387127520601,2
8.703454010343481,13.48711313786524,85.19160142642748,0.8355309018799757,508.2966619272679,1
9.604124292291615,15.013993752579532,44.713346406228155,0.1608070006141529,292.81840955479714,1
8.858825310525534,13.55361740062482,35.07655130194256,0.7541189281183135,277.95194483410603,0
3.146410546029757,14.91937229174823,98.40689997795143,0.7238428990696222,852.6791775775803,1
8.76506988690985,11.502239382735151,50.77489746650949,0.22907274634686112,802.3656866061216,2
12.854731857213693,14.402840210606946,118.65337871197727,0.5070205021738348,528.2220478363665,0
11.468914238234056,16.898771127542215,82.37031570832661,0.38437272583814397,833.6610346045269,0
4.351368657484622,17.68534316072556,51.27655987994294,0.42102485701431824,867.6602537151708,2
6.254599634961642,13.305486636356301,43.16160835968688,0.4479365892398778,175.4326370885832,1
9.732259372005567,12.15205148110488,125.82517916564632,0.812433440509163,476.2289687134479,1
10.987519343312748,13.19346282245318,73.07318998292266,0.5520411518693019,483.3094036197267,1
8.098472182346686,12.111180174571093,113.005136815213,0.7729234823633704,478.37179400370087,2
11.460214039448777,8.672868735571926,113.8278551173562,0.48378826188276214,781.7824814047293,2
5.10794134123709,17.255565823109364,80.35691945662363,0.5142482598691595,939.7060701121053,0
9.136533940987418,16.00737235119192,56.20469229553918,0.5161422267200468,356.1631195058646,0
9.058559728113135,10.176985670598002,105.21292101693513,0.42897252629285165,367.21682401635815,2
8.194480406259384,10.559647033641918,75.33517820356266,0.28087562258254617,641.6128051732231,0
11.710734566912494,14.950368448301953,93.257182770731,0.6359801088244869,410.1958576293105,1
4.2677464605975075,10.19754701667662,27.6850797427595,0.25196553407481986,387.98520489167,2
10.49434288090263,14.557694703184197,35.84212854812457,0.2388347136380296,176.09064584666308,1
6.9856697203095255,17.952654504871823,77.86025827579593,0.5406847115489416,316.99717856032805,2
6.786297831191639,9.71764490628357,101.20669556680237,0.4077665971525438,206.4170977763217,2
7.944706249073321,12.220698011987775,73.61929967418162,0.635548467350534,564.810885972932,1
3.2963648653625772,11.159002114121106,127.36819336098756,0.3234134331557245,739.8439469357421,0
7.5677245879087325,9.666555748183114,105.70703469862312,0.21202584494199345,739.453317897201,0
13.144548738295235,11.039872131238088,101.26910948013699,0.7669897010817639,238.96235055259953,1
4.003261278881535,8.762882768933675,68.78093368025588,0.6044949661147145,763.6806586209436,1
6.466339578778776,14.461095996636345,109.53640000078131,0.5138838136519625,297.328837626477,0
8.808244685433984,11.749533400362182,52.46867536929659,0.42410295318648206,131.4474872294167,1
6.608682337832347,7.674547661897723,77.68560982683643,0.7218522124532603,815.4745989487953,0
7.938070983701526,15.718971973544312,118.09059793596776,0.8475121514217585,504.51704747925197,0
3.1796785672984558,12.700826040082598,123.994259965889,0.3642529835016839,231.70104463064013,0
4.0672959285585,11.939358347566555,116.9401405661619,0.16203938871825982,639.361428379072,2
10.618474308682423,10.351036683750557,122.98177765353209,0.6236967530358127,593.1339658467375,2
12.195377504946224,8.44221129091967,85.00667805992443,0.6368077375794363,927.995434868917,0
7.6675418882974835,11.258064489368499,128.82727887073798,0.3391061079601625,144.39460354367128,1
12.336517342324003,15.784314425085462,82.35620372803362,0.15436666186881995,205.14315144151345,0
9.014703319804362,14.409001872505907,127.54071574181631,0.1533321079102726,300.6200847389823,2
6.895138041745399,9.831585256249074,100.31161305146603,0.48872135074354794,165.20931680605304,2
10.999746503627337,8.261519562657663,105.76218547318258,0.49734756538755553,805.6251174995148,0
4.032368461701699,10.511287927181709,76.14807465284733,0.6614312846190773,551.5376723811273,1
12.821446755399302,7.154998756434525,85.80589741678207,0.5405058751338192,172.36459974525104,1
6.698841112826227,8.491958364592438,42.34951937060526,0.20513037916973134,644.8320026649617,0
12.810159473754652,11.103409577092647,30.463761833145618,0.5557843674809675,893.1718254840766,1
6.26533897583092,17.983157441695575,114.42400272126011,0.5967689160239402,214.73442345547724,1
6.3181311900456265,12.049356716449074,78.65576764808151,0.47217947932156557,155.58612136068388,0
11.868646692677974,13.48392767167666,118.43350889400243,0.7056594545242253,574.91607359981,0
12.213709644373585,15.557925677549047,76.92780119942918,0.2052051234251167,598.5133471193654,2
9.977094613505518,8.265395688235547,26.01010713673405,0.8318875103256804,864.1124994904026,1
6.424600351691261,11.919026720978069,115.77158484563351,0.5754428502388458,287.21699086933745,2
3.323934372205091,13.939729908994554,59.51782071671379,0.3174475863793188,103.06946092913624,1
7.397550478498903,10.030057580640445,109.77367361343558,0.27037134600661983,694.2224382005209,2
8.699908005414525,12.598150548086938,116.48955923027502,0.284872295364321,707.6381061755607,0
3.0812729595027895,14.808928719793053,90.12938559753579,0.4277067678646508,247.80623460897274,2
11.524425541984519,15.187727331313932,110.01960296357713,0.646162494989817,328.2998684067739,0
12.399183151613892,13.57220908009724,80.50049978626777,0.254888374421397,387.62734641783777,0
4.446860985310021,15.051977502971534,104.62825599491512,0.2999314334377232,158.3530695255977,1
6.164410084332365,10.956943614735003,105.77374505648095,0.6220915051796152,886.3317544833435,0
6.592476952125617,17.46675282740749,37.08920242049907,0.4082571875898996,940.9251842267178,2
12.972155112472489,14.426770638135608,27.9105444886584,0.7881857908561264,738.0364110734018,2
13.995154975948571,13.67166046391052,44.909065486522735,0.3546159647727054,873.671875672893,0
11.479727217047026,8.353745285880546,98.45785063521045,0.21662258762038125,570.9802579192346,1
3.471322691531207,12.274414248911443,39.42536633279297,0.46115504227729764,703.0936514028531,1
13.617762157290397,9.853127859711766,84.55034283625406,0.7694494473558625,898.4321712679732,1
13.727337042713902,16.98022964436508,121.67868729011265,0.7613046876851288,109.33585320098558,1
5.2276848338000725,8.883874486591358,95.61983955190884,0.4592456180635156,358.7935478535791,0
10.478383575579018,17.45803385701927,35.27216867016318,0.2969111605351798,189.29878450137716,1
8.118795700089521,17.262536397798506,82.42499419008384,0.48823276618466294,770.8410675076466,0
13.120192279047066,11.200651143311061,70.67798033358065,0.6011620955331547,260.3807108234532,0
11.010280801962224,12.173711502261744,59.14637817392,0.43559414406036767,769.4949719503581,2
5.704421795727654,14.823428917018273,61.04439976132354,0.3413497992208411,166.2973575446062,0
3.2149396143781224,7.318646071067465,50.85192127192122,0.4864865808732959,137.0465169738699,1
10.765876949630787,16.310754024467393,92.27882332482613,0.6268318218635909,612.5659128346932,1
11.519311599531793,13.63847823678771,107.93839706950588,0.3327717829291321,659.6249119103314,0
8.202720629073832,17.79999204540818,41.87152836720635,0.548827943295436,645.3886899234492,1
11.816141011015043,9.962509755745671,84.31496875621426,0.3619440230154358,191.53349993393863,2
4.929377134593727,7.145026172079715,127.31782037988302,0.4433861787592184,713.7729195948269,2
10.921862782444766,11.958341880211236,82.66244223466394,0.5840059532399982,622.3398763163686,0
7.0466349025458666,12.969532672742817,38.668456112543836,0.8494304334343645,253.19568470851777,0
8.853022461629614,16.88257650143828,113.98356167635974,0.5603682059681736,600.5111791579957,2
6.269133688923454,13.760747742059884,72.77498118644186,0.4379745673325428,789.925907491169,1
7.117206555764335,15.592988335927457,30.848164178594764,0.20036825793601282,790.9471147342244,2
11.009101475151253,14.131017081245302,104.21265085944118,0.18239204755329025,531.9369600206173,0
7.383586294514361,9.416253186981875,109.89514277244817,0.20963254234626616,118.17267700400922,2
4.164124545657402,11.632184652538173,95.92151743867547,0.7485205620927231,333.20490767165023,1
7.384409166300972,10.167338828934923,57.22202308063442,0.23711825164972838,375.26476095500686,2
8.741603399675515,16.733139561694728,73.54569599612083,0.15195944051424568,642.5964967252588,1
4.166137527409237,7.295051454225296,32.176542207849174,0.3603349915195895,431.93619791576873,2
12.38841627105726,7.073490578149398,108.00535957216793,0.659246935504435,872.6176439599558,1
8.70237103841784,8.869492213060362,25.67040596512334,0.7256999058174854,785.0100048116398,0
9.721726353527616,7.995516795249433,92.94799823696002,0.833874097878368,648.8075583458314,1
12.120655592466584,17.46372556746213,48.07082102166607,0.3565028618013283,264.9419684328411,2
3.1858151990072012,16.100754030977928,125.64093953190498,0.22099639064361537,490.96775113848383,0
11.47332202272106,15.534460187506518,103.35453522567651,0.4367918634128968,302.68826454380303,1
11.89322215582712,9.157937028961925,87.58699393239301,0.5295780493147286,757.8135924472128,2
11.833630311546194,13.492540798680334,38.09280181169143,0.5716426110098253,801.2933625235987,1
4.26239244931325,11.183366110579701,105.98353082771372,0.7815792304329812,379.73704548866255,2
12.768988410795675,10.541397866977423,115.96363366367288,0.4858316445323233,120.62600107434798,0
4.173435070199124,14.09179593717495,111.27295718365109,0.5688615879954523,164.10014493797746,2
5.637911740247675,12.02386472333897,31.624422994517985,0.26371740611600847,632.6332929460906,0
11.883534346717463,10.789139687798038,54.93881037147807,0.4687900592318457,144.5566981694608,1
4.121876380449706,16.98719033582068,109.71660063179962,0.3108472510060477,152.22643065001856,0
3.8611388841663743,7.770793816579372,26.618117214074715,0.6997920662667823,612.7155374063001,0
6.7997999633048,16.33549022540906,43.06585267841451,0.3558041698647535,113.1534378994828,1
12.195828866355331,13.17546124640226,95.2726713017906,0.28847185671993636,209.56457175487765,0
3.720970234827514,14.92576644651497,81.58313762902728,0.443541304614685,713.6320516729478,0
9.996556645661238,12.181911143217098,35.863735131324994,0.38056877715778564,782.9099312579013,2
10.372915380567278,12.06867546599573,104.78862442787576,0.47243655808651785,861.3935421936674,0
11.740212862722148,13.069005378119186,83.00439550962109,0.7015238063201593,664.2109687755205,1
6.294140315105863,12.218237242376787,122.38556022531701,0.3602894987398416,126.77980153565886,0
11.33936422067727,16.29431229360647,82.45890319901433,0.23029455242097538,575.3364365882665,2
12.190929307586677,8.117182292078574,59.54525549329786,0.2623813217218172,121.61254982652807,2
7.1126867618553655,10.48205563127477,74.1970439620326,0.5955351722872614,666.0703566871734,0
7.5751162351038435,7.821932356471818,93.9646660849968,0.3571373749549951,500.5292048127148,0
11.078372474926981,12.91846062338325,115.83632231701031,0.7894972400480811,171.44947548719045,1
10.771998806077704,7.574879968743745,37.86058976352616,0.4885262653550947,664.1000453500106,0
11.092605440845793,9.87371375992785,112.7414679922076,0.7668243847849212,217.60167503848078,1
9.302702220787975,7.904668369548653,64.62722458842259,0.7822225614380068,860.2925905469659,2
13.397928927748636,9.675004717645388,94.11013530062851,0.8461778039541666,473.4441823421907,1
6.1443337816487364,12.098666946760464,120.242630125806,0.23718773392591735,272.1618639444839,2
10.18223799508873,11.613402480005025,94.99079112166719,0.48298674039921907,765.3503792663854,0
11.921445907348135,13.558316258796605,75.73217471597238,0.36430722484990563,239.09286770201223,1
7.459691597635441,10.481025283463719,112.35089778678201,0.42082630806566246,757.3159067034172,2
8.650135794184958,10.764353633007978,107.70776876402692,0.8207989663962332,590.2674138890965,0
4.541639591111987,7.257623935680028,60.70000216963906,0.44150936019576315,902.1509732304783,0
4.7294141265974,15.098775825502303,109.6692096559528,0.4745663983037901,702.7516406428492,0
3.389557513148974,9.485552676337358,110.83715356094031,0.33388775931533576,620.1273660847772,1
8.409866082958345,17.488366299176274,61.85692371890136,0.7246184086072468,406.7183047216102,2
10.522763910251346,8.352387626392307,53.73329436338528,0.6811948032893044,551.1442985370986,1
4.938248258404094,11.135066575733358,83.38919831663061,0.7281484797535712,339.75630247409856,2
11.651550526564469,14.456474839052976,125.87867391693347,0.17657069171388226,467.56770673214595,2
4.45030550009867,14.407847318375836,125.03499623630248,0.6543191492891524,916.3926282460808,0
9.609464107860362,12.9972467764273,26.293865216133295,0.8373464560334019,947.5140128601893,2
8.701300674557707,12.110885517517659,39.58967215599787,0.8225590656032747,805.1545813617786,2
3.0456446414158984,11.875965228036058,121.83721052404225,0.6957398296816445,152.68972660328882,1
3.9670325347055986,8.294807084776279,86.79354823684037,0.8447687928752988,164.30881136917284,2
8.749477730227571,15.594535902199212,64.78146253268369,0.8378735238377163,303.298565914938,0
3.050421110641648,10.775362025081852,69.49537601056886,0.17460279204440887,687.7734174033482,2
3.251118501191045,9.74942034379858,118.02504568223148,0.18129462792993542,908.4689746442987,1
13.236619115790912,13.856999644084265,90.3877439354252,0.32939883943915826,886.3777391765243,1
3.7281404542067413,13.802721574013624,76.60703968002966,0.6145158992214836,641.0009366498233,2
4.366069592574243,9.49728311296751,47.99416082113689,0.2855720635454931,158.3359750654463,0
12.112690490015918,10.87127764713819,57.058570483376485,0.45878343535902244,668.1426965971746,2
7.049403965965041,9.185789909111078,28.869553110023517,0.5323764812145372,352.0739069816432,1
3.5245074143428075,11.39406097412868,76.57277417646097,0.47496079786912737,569.5036304534119,1
9.62718466533337,13.830893277165401,119.920062709272,0.7170696926820976,400.7404876704347,0
7.0816780412985025,9.321429884606376,85.23867800396692,0.18032794971466568,346.0184340560605,1
10.551628560221722,12.030029418578987,87.58758912361861,0.6508503381095821,607.6593496519199,0
5.783581172719096,7.821781522153052,74.79554880204796,0.5945771476119758,732.5522569317599,1
8.7030971018056,14.189616691728137,80.17791791171462,0.64594836204766,816.264511425436,1
9.372356944454026,14.094433665679142,39.60478317415912,0.6002841649835595,685.2439304130428,0
10.644664964340487,17.191855384888065,49.1335295567607,0.8233196320060124,780.9605475608615,1
9.248153992159157,13.664031115478444,39.15782627241266,0.4935551255364323,821.9418002912498,2
9.336864972086328,13.75085937958072,48.262296518866776,0.8147480462760031,123.63887886239448,1
13.691558732800397,8.988809696392806,119.85551678990159,0.7631402425141267,531.0756403347982,0
4.057678181666591,17.524463154116745,57.32777730365407,0.2545647112276985,670.4339564414051,0
4.656241831759182,9.788853409639254,57.01450973344345,0.18355301512317543,407.5324557244267,0
5.407926267641182,7.551590767865495,77.541335698128,0.7540199510505265,927.1918301577734,1
5.027682986351788,9.528659518170638,117.22358594131713,0.8267009336930654,510.0508930681808,0
4.917203547179844,14.567763059897178,55.90196973977805,0.7543599386843909,358.8573752229496,2
13.091355746436262,10.0072150087182,73.30670585461326,0.6921908372207577,924.653000129649,0
3.965118047299536,7.867042103190963,92.43963161427158,0.2555034453074356,927.4659608195093,2
11.796733643669072,14.481375397551037,45.78176712106985,0.418381471081278,557.1842934456479,1
12.146010973207106,10.580101659936599,83.70921619757368,0.7149525694252721,452.8056753197785,1
6.079269764571563,14.605520404804864,30.74134239796899,0.45175375420853425,637.8761845903739,0
7.904971499413862,7.91813702711927,34.6926980270801,0.5992182409882194,923.7063955336317,2
11.45128115980197,15.270672671205016,105.66699152525977,0.8467576103400706,684.542763747765,2
4.791782966484164,15.868536574117076,38.92397175873833,0.16253398189589863,197.14520923277766,1
11.4980341389918,11.399316905338985,40.94956651386235,0.7163174126795122,444.649725953811,2
8.88260213311556,8.330650688546658,111.3679902282405,0.1912045422932862,479.3901066776653,0
4.726228097574949,10.966860268281705,93.83673697053052,0.5095818096527757,146.12760163026525,1
8.205368985518342,8.80990645559848,38.19203468271489,0.6576755749595873,621.3146832699,0
10.743854970134702,16.668240669923417,45.89773167744107,0.3035317108724157,279.36159268211577,1
6.867343410140061,14.03366100708331,98.65229621798632,0.6821990006721416,695.5661107975726,0
3.8072306872612423,15.427931441887639,104.57772648604141,0.3930419487067647,811.7943319968922,1
8.364200911515516,14.65319307761446,86.47911707325986,0.16567837165516455,272.1956934408719,1
5.2426849263753255,15.545165525485572,125.84776859862995,0.544654867040593,201.8427499247184,2
11.625103555766698,8.444576718749682,101.62025367149266,0.6618280937588041,684.548192862435,1
4.704080709177735,15.603024158602334,32.6756500179529,0.7494268490596008,635.0568354451917,2
6.2064963644063305,8.051585926377165,65.69655559346074,0.8217237706375551,571.1818297635733,1
7.426522266919538,11.976716314845026,74.51383706599245,0.5734551338268621,455.81969092321395,2
3.8003235403200826,9.655429636256272,88.52028732417007,0.41763565675791925,611.4145974969332,2
7.175391155535519,14.390991105166474,92.31963423978554,0.3922259667086912,240.94147354587804,1
8.674902413234488,17.207857129578485,28.765400578136685,0.5979086665919905,510.734334358212,0
10.87922785386559,13.556505918339251,88.08316120228268,0.7777534265520711,126.06715459442155,0
10.124288314801781,17.23174807520863,29.434672463237224,0.38689624148602353,252.4580927364661,2
12.052000857867265,14.203244428933921,94.25278273794478,0.7735624475171501,352.71072554453326,2
11.480875607720682,9.60790925778597,31.88169111383034,0.6832500921347455,653.0069517302389,2
5.519050517509843,16.062546008723118,93.54220127556387,0.2715628234014259,435.5907763406247,2
10.261425797555855,11.661547401107411,74.56437186135156,0.4085873326772317,403.2233360307322,2
7.1060178893472195,16.018918115338394,114.43775908820942,0.34747414453168646,841.7077353457596,2
9.070139616604857,8.19624250590755,129.01733406273362,0.5981411408941844,501.7451934381291,2
3.8846145448478224,12.553848340735083,121.83792096369527,0.47323405012753417,119.38083428398353,1
5.320947185270796,10.262131490980089,28.077996393877743,0.32860761349594647,473.700504150356,1
10.173871336163376,9.764688901580335,94.35075954548813,0.35553852725031343,422.13855575113524,0
3.234682867510147,15.178397850942789,28.808818764748665,0.3502360615973694,182.46299099378547,2
4.934093387366404,12.766058129350384,67.38084013566962,0.3628901436271289,825.9663640854222,2
5.161328750505827,12.887596159739363,111.52159287163897,0.16906375881484648,570.5661799534573,2
12.254259806113444,17.256051390406643,50.03602169066029,0.6883103011981175,255.59792996129042,0
7.600281297376768,14.296745156593083,75.66148037983511,0.6920426790917438,765.8900896331138,1
6.447966284392161,10.611098849616997,115.1606001567302,0.6360955859630758,682.8639079059378,0
10.557308105005859,12.211111100610403,104.45429739225996,0.7024995662983321,291.8635726442127,2
12.846716841625884,9.903315674898472,52.1080570750688,0.4822244043507731,946.2564460199549,2
7.067486894875718,7.8520480814932885,113.96879989099509,0.27166439089030125,255.71078961312537,0
8.517491548688987,17.903573101691645,108.51048872802224,0.7417234828043815,305.32041781293754,1
4.153221085211838,12.682544632498722,31.774737584227502,0.4295194752682969,349.8095688319744,1
10.917340452643307,15.766675676430518,28.249376532315914,0.3183797516141812,103.19133117353903,1
9.979292531090604,8.651053421845386,58.569278890834376,0.4843794429378372,869.8695258376689,0
11.886221234362171,12.600447734714,88.6197285189634,0.5437295706386264,926.8341339028289,1
9.028063960076736,14.144679086087905,44.93195069907466,0.6838146649739301,800.4314085867028,0
3.241421670780855,11.121388829952716,129.3084620301529,0.6343640733154219,308.8659010524808,0
8.70837344885904,8.699268640481387,106.58822684650973,0.8134969799408606,214.36227690469497,1
4.0887341842970315,10.328207914994243,120.4832871524841,0.44241811234476014,137.52886966408118,1
7.786269622253377,13.815832996947037,124.79397644618383,0.3380266283024167,714.2069626506911,2
12.365369700069579,17.5238367221717,36.74900591102357,0.5178374169210149,203.35486914055568,2
7.8529946893512035,10.595450496785078,55.055079071087206,0.5095828155183316,349.0088307444483,2
12.855641530779806,9.319421777114007,56.82057401671273,0.7087984417414689,790.7323743839524,0
4.327991831093347,9.456392421184333,48.92901345064693,0.4013177459262296,718.2818821564287,0
6.663399541086361,16.46420653592403,121.05305874045497,0.1854092077798999,200.6166498886567,2
10.344543127806133,14.40145782847816,52.783838829526175,0.23058404627253332,432.5268983040221,2
7.097900722805011,8.499261336711738,41.87081500629948,0.4724477113159058,405.27454706043255,0
12.911989908284966,14.69409257020386,87.40492807993434,0.8111934233306769,271.42805292566317,1
8.151991618618027,15.928658300093266,72.03656339922065,0.38103058375617005,855.4820218943431,0
4.18551597976828,13.704514625274767,94.59352408379937,0.2976748167996982,495.0671787626122,0
6.436992810618908,11.567633581170892,59.20980970828469,0.6778044422988303,667.5040281538184,2
7.9805900861614445,9.96473096911491,73.87608088202771,0.39816920495199304,104.42850631073776,2
5.718453904954297,14.780473893456609,73.08712859402036,0.20933292821695557,193.28909623056614,0
3.763261772394036,15.490942925512202,56.89658637720434,0.46543468948472755,166.85889683244898,1
5.5620636520783,16.27709281411115,114.65879478436555,0.4850084071562464,626.7269427762674,0
4.036087463676019,13.269302236668768,52.638136784787065,0.24741427357587092,835.9903878399103,2
3.479490494412477,16.10097161900011,41.02460325171725,0.8354458992239213,908.766460639718,1
10.633418230405624,17.36687557335781,51.87520457727189,0.8217028966835884,113.43096471119522,2
6.169426880111269,17.701549090611373,115.74411193797484,0.5048843052142508,363.9142921954322,0
3.1732627484441625,7.682919079705246,49.151353293421096,0.5720815832988305,292.9020182916712,0
3.9159483404844417,7.351978502375456,50.63916129131134,0.36741831964659166,606.2093754015484,0
5.685302020067529,10.748175490078836,81.13742017323608,0.3613091465369383,142.5232114231689,2
4.206657623208157,9.380206600367561,121.30122020830453,0.516221491008603,525.2448450316582,1
10.992506000490199,15.819193830545668,53.36150531150032,0.7425961173315813,807.6699547470107,1
7.710261410598432,7.508588335136747,54.114754186069625,0.3375312375632374,309.00852226068434,0
3.7811522469236367,7.67552925817475,78.46978843468935,0.4922940284757885,278.01836856104194,2
3.7425984648083888,11.282940536799487,64.23208810233987,0.374104954091139,128.61063080939417,0
3.277129392639664,11.938145695971269,105.8280537809886,0.4918594735776498,259.1146397741333,1
7.710842580065249,9.154797241861566,85.05892175589113,0.21130990758056134,611.694579048378,2
13.23087474756855,15.65752482134042,90.31303471935219,0.38197203072471797,782.0350859181101,2
5.200953378953173,15.204065850661095,30.918526626452326,0.6751616985094926,308.5157987631005,0
7.363955423572134,9.020912219031928,91.56883044324708,0.4286517522020876,630.3583728103541,0
6.735531586445704,8.827849588286522,85.89814564785789,0.4861104766480414,669.2226416957595,1
13.806269115058516,8.574462982347711,64.8761246767826,0.30615307799699015,553.7112005267712,2
5.920988876148511,11.053248457383056,27.089810251138253,0.4492907002335609,235.88457237023292,2
6.985363762118254,10.831096320213417,35.50587377311805,0.47366240477508004,756.4621811009583,2
10.796304189638342,14.64417504610988,42.2750682316113,0.670473841081062,331.44405613032643,0
3.1270891457148706,15.554538426896086,36.5013619748997,0.8248578400271435,889.1816927490661,2
4.838462949263993,17.079058201834698,65.37927428627007,0.7338122994961319,344.5386555636526,2
11.346264778742071,17.115368342552035,81.01443509875114,0.21979971359611253,200.22888179149686,2
7.56594187007124,9.938247240709284,65.75430488454279,0.40547011213227035,848.9337548857267,2
11.495973490988856,10.467982523881002,98.15820928140599,0.24552135750140178,889.3182820903675,0
9.72293354377165,15.36083596844589,67.96770099581775,0.40546611938979815,486.95242601995363,1
4.970319542572381,8.308487579638582,35.032105796958604,0.7271160455307859,399.1396841451841,0
7.47003174981495,13.72801803532207,81.8304307561177,0.5103714297165884,185.61196827857117,0
5.8007700904766075,9.586011872073312,31.080672925678137,0.4791768488654765,171.17688002150294,1
8.526391968730831,14.020187337590034,120.80022062229983,0.28059538880431245,360.2406917101934,0
11.045950647971608,17.066371661132504,108.19201710725244,0.3697475644719447,193.99496142929007,0
8.619782653153887,15.064935313168307,57.85061091717047,0.461441643547962,373.6982152759444,0
10.892044803671201,15.24825979541623,104.7762597452377,0.22243577639074816,199.2015036771599,0
11.372460367113392,12.790433519795531,114.59268224398234,0.821669056857679,627.6895834260197,1
3.0685941522305478,13.897486295334431,112.42765284815312,0.5062603823054945,222.40577621223662,1
10.733506760105865,10.1932117456237,77.99375757373116,0.24007052604691054,844.2594716772157,2
4.501814599543995,8.146142148712926,114.25258454071579,0.2373454218811098,131.36156554596684,0
13.523018406888658,17.013381663967962,85.04083165027535,0.21365301669858677,399.4220347674115,0
5.258471789309057,8.39252730131279,94.58922515328624,0.6451315660493234,211.6229843368938,1
9.753493258465367,12.97611866333123,72.70221629704437,0.7596685660611731,431.6082591047335,1
3.104835535742457,11.92136912305817,30.52158963540418,0.634092273843133,382.6111319858075,0
3.753246532998027,15.3647557318144,44.2820384758803,0.37123341210069893,546.5383716183624,0
13.756864212442744,13.820917732197751,30.52853879698822,0.5581235435275056,402.1972500718955,2
13.710236807019294,12.930969256361053,122.6400844823998,0.7594123505971525,392.17678788379015,0
6.627182315590458,7.458794448148921,88.64606171553467,0.680214063711908,816.572543701228,2
12.57439077811809,15.845562172121785,45.57292124980872,0.6876231471424368,180.33364818320496,0
4.918939594800634,12.145033992128639,85.17865289823018,0.18092330632305315,634.4854009906062,0
7.295208692567962,9.034572580808993,102.96273662135775,0.7476956778766852,352.9124617500535,1
8.996146139061226,11.35716476050103,86.59548338914416,0.4658604463216066,877.3229618594847,1
8.484322848944263,10.786707425937712,107.62453572665731,0.5416501719939735,939.2791482979102,2
7.5579161009347935,9.34058410417146,111.79027334048122,0.4540912704061616,591.8447002259243,1
3.892443743662644,16.684658142272557,28.004002643996234,0.7397289456802328,947.3148991983667,2
8.599451087062201,12.004742015753916,89.7501885905507,0.7200626610632163,689.6579274817607,0
10.284835983736079,9.55115069697669,56.212114936888014,0.4467086961455894,110.53452484626686,2
11.259134637227977,11.853661133974821,116.38057606850693,0.19031848378099858,590.4695761830935,1
9.01609237551537,17.72691721613532,58.516070611242434,0.8197719440012946,357.0092199838626,1
11.302236178006252,16.428123224810946,89.25334267427988,0.28577260608257626,492.93395040721447,2
3.9873382779179503,16.335689603980832,27.78182592592614,0.597489759609868,538.0432021397044,0
11.86818340494196,13.919009409128071,82.1168844531509,0.22119653929843588,422.76106191389,1
7.400809074299801,16.081970782183504,70.09697636670656,0.829800288257319,151.57573828455526,2
4.819165973134947,11.221403919050443,47.45610071402817,0.8051955700939853,454.34463219453625,2
10.68439002033698,14.709896508937426,95.54649310634962,0.8386790082822125,468.23499660744056,1
8.809603202810191,15.783520556520111,53.63918055168949,0.3459553262655667,382.2581577150261,1
7.843134492595784,11.423804013140831,36.02283930962923,0.35826327171968697,875.8618833629931,2
6.706340820734409,11.097666829896033,29.30275258057595,0.7314004901217739,312.82781510267046,0
4.640240595787743,17.962672540191022,71.51379433919473,0.583108288712604,348.4092808325137,1
10.427164664009624,14.138906900259766,53.60118633796053,0.18499283159894492,475.1360747388646,2
10.80414320109849,12.557729447310807,91.63446609468784,0.5667629983485669,194.29810184713705,2
12.860725399937657,7.359582681099479,106.17693307642045,0.7910589193861348,460.09532637946785,0
5.506448965241633,17.645577412519373,57.30474341672842,0.7489497633549592,866.7258745382688,0
4.8949517222669865,9.636414247061506,44.37053340278631,0.22814683241330597,947.7405151600103,1
11.928124068924028,9.413976021831413,97.8517449744462,0.23723558444677156,148.02072573825342,2
7.33471860480345,14.140460218987517,38.94865978525444,0.3246873131479119,837.2431828742243,0
11.031165907911411,8.42455285787312,76.25888755308704,0.3976583772218646,585.8138111694973,0
3.514222060208962,8.416096716742956,59.81150744047169,0.22441410389294866,692.0569917183007,2
11.543803522025625,13.768473841394485,25.882732783167285,0.4996685341612087,203.0649050297921,2
12.607651067597986,10.684634446358576,36.947077058032534,0.37910519404593257,381.2655084746815,2
11.2528835674786,15.519955182876684,42.16559911874249,0.5997387407814676,125.10173446917467,1
11.467490661561838,15.510284344928504,82.55359499933824,0.15099414698390948,724.7053902725697,2
11.890936457571339,16.33012162226195,112.50437748309751,0.1898776240805833,202.00566311153895,1
11.3352883646935,12.270352056266187,73.46032195477116,0.7667264902952905,300.8446336174581,1
11.59381257895597,15.74469454057498,35.48205947940204,0.1626270760672242,692.753278616727,1
7.213284995609322,16.318460158683614,62.90579482594076,0.5943512502845211,926.2014681795617,1
8.838647516628278,14.817888022309319,70.4408809627271,0.3762972503395142,286.8806637477512,2
4.3573602971795795,16.597702878873392,87.95848940794878,0.8252445688998937,514.3502647339204,1
6.02195472891527,9.259873580056482,47.617218669805425,0.5526450891295064,276.2059474649433,0
9.056607873982971,17.413610075697136,129.44272971453273,0.7262523266628368,853.6236924830237,1
5.628412711067781,14.70687291562178,109.83963484932102,0.5974586434382511,936.280146096634,0
8.509291893496108,14.028470717052755,81.46387278642844,0.6897810373060302,267.4307393832313,0
5.118935288632697,7.7262837171716825,37.10472381699233,0.6562349989129057,358.8993701310082,0
9.646826512319961,17.35706955712973,127.12073987495607,0.20234329922952088,231.32487608659167,0
6.955612229906004,7.505253321184206,54.07777587762392,0.44305183308761054,160.98912167874693,1
7.057468153027612,13.422182921765167,106.87636506265235,0.49748291270427913,333.7684435342022,0
9.920964728599573,7.7789643919295255,36.00101048105357,0.244123972800778,563.202672556765,0
11.652677571488692,13.82515628957804,59.46050882487743,0.16806218347625868,262.3399212645629,1
8.345002401919327,8.547328966201821,118.36671033815144,0.1714872774110476,720.6829203660479,1
10.611132261813069,15.415161519515696,116.5202468663705,0.7251206632645733,740.6501118271281,2
12.631011763444107,14.38028651636677,107.37907595916981,0.516356319717087,136.62082080746444,0
12.006472809220819,8.663580639361692,65.75129433637578,0.5155076273371187,444.6276905220779,2
7.43101296233506,9.601026379666429,47.28322498340923,0.7591443395431194,625.4662769677605,1
9.295765839539126,17.713954550670394,124.85066846321885,0.6671758367919612,384.3088140639925,2
11.872299894015082,15.738846304481559,84.7016940837244,0.3765860141167267,514.6715662910896,2
9.31182281205649,13.257244831413416,84.12693284287604,0.2659711103257306,884.1404541660971,1
8.514530441407118,15.608771185619288,60.88417128112321,0.4014782184064487,827.0165530003835,2
4.575825884845126,17.501336705759442,33.19301780286544,0.16388017689309153,380.42303994895457,2
7.4759434089234595,14.170076609750861,106.61590887561576,0.4682023658023854,446.66833259696637,0
8.627878891826748,15.213235757516873,68.35640033801613,0.4136507915373002,239.2458936595165,1
5.082064918982081,10.688548797525335,126.0724294124111,0.6876474288903655,446.4078349398041,2
6.748210494551313,7.2371262608119125,30.56286121908638,0.6364009684720504,330.4843805342988,2
4.351025495462922,8.093657837845086,31.123491288292428,0.5044086548405592,421.9830191155853,1
10.67242271954051,15.796218328381768,120.76766831490856,0.8208210141699572,682.3700611815004,1
13.654837510504613,14.620777763438053,123.75921401026085,0.28651360861471115,311.5767578578643,0
9.8990306031077,8.528749020236251,85.47010087518166,0.675278091649876,270.49033530980216,0
6.44096127569053,17.00353907460594,79.47956471177996,0.6482817237033588,342.6969338023275,2
8.850755786467083,17.49955431529655,53.92022213482602,0.6170641025453272,660.4707566979389,2
12.799587957491486,12.602057259936464,65.05042400745981,0.32573096889095804,877.5222516232134,2
9.53104019375361,15.26669342196353,95.06366018527105,0.19537759881568506,495.9592936922174,2
12.681481949059473,11.755551983164995,67.00340901863281,0.44467088306813496,708.3402999952236,0
9.743354018205153,16.491260786661673,52.12169593486004,0.5993273148723676,141.9074080898056,1
13.255660856524512,15.412827203565417,103.03326536802129,0.6132440483209926,900.4987417518541,0
5.012600492367296,11.775247607747893,113.99542582563414,0.6387129821285475,338.2875609145845,2
3.3051847839432766,15.192224744691998,83.68956909252694,0.5762439133139193,129.49404770350802,0
6.655068468599876,17.383750335254923,49.56525868297092,0.3567799209728044,925.12865935179,1
3.118418920890275,12.282328637299777,45.98713344664278,0.8079588911095298,931.5510481386966,0
7.898177589979044,11.184629050546754,70.94948157527415,0.48414957206569753,848.8109801106125,1
13.24644269016537,11.431391853819864,93.61983895623086,0.8044496372016702,874.6332815413762,0
5.220580987159751,13.066585411163842,79.9650744171465,0.7639052531639058,429.2463341425904,2
8.963537697348743,9.203393779671991,60.49594222317353,0.6158715548981571,836.3226932110359,2
13.223652105476138,14.254794065228115,86.27222771775553,0.6246165401098591,749.3251070396676,1
12.263812528852746,12.577880206015116,47.813330590635466,0.26627163471568205,875.8345189376894,2
3.8661179808053756,7.477375403314225,33.26223424776507,0.5087507751628185,776.2958113340221,1
11.312132606720185,7.169058757726834,107.72863828302428,0.46215692649372353,826.550731950433,0
7.451723141867918,13.30058462848634,79.58634723312844,0.5990735923063775,114.1572499006461,0
8.903255283384066,15.818264285330146,48.31609814667161,0.35170674521451417,762.6899106132519,1
3.521119358597632,17.747702601097593,97.45223005611832,0.8427143796707347,807.3887367173123,0
10.57261844267497,8.006034220472266,97.75128597136505,0.5581746045331322,512.9848952955776,1
9.138818853136208,10.01766800778429,71.36397259557452,0.4999651563564328,532.8707060600412,0
3.4036590272568352,15.347441203050474,103.95051616864792,0.4448198063636629,765.5812463437622,1
11.324642915253238,13.134882301154331,65.87743819829578,0.44860684100897297,141.39340136256058,0
6.567524087577569,8.86803790456647,109.19083088208505,0.5111824036467991,322.1303193721983,0
3.1576004676134657,8.143326314892523,31.852056715611674,0.24564088677194543,804.8511861985926,2
13.422319104956312,7.995647005826092,111.50399316471477,0.35745031498380375,284.7804055097606,0
8.703568536180926,12.84842121379576,26.8327014150276,0.4696276409958612,444.54993231865586,2
10.513971406568011,10.995771740608788,64.98647988260714,0.6011828920149381,850.9421554568421,2
9.092081660947475,12.043751957285158,67.17230927805608,0.4655169322173788,627.9912725489065,0
3.621119923051378,9.350377672277945,38.84040483289148,0.29177439222496243,871.199643103636,2
8.692437422523948,10.770231234380077,108.68076126713484,0.30234389149375707,638.6178586711648,0
7.063800749465237,12.033623884497096,115.26338205259383,0.5807606067718312,610.727505330392,2
3.6517118195833858,9.05256180796808,108.98466676651951,0.8287002111190391,159.13254243848056,0
4.170493769490003,9.102581672301042,122.83596125261457,0.7307103561647471,590.9830078539765,0
12.480917811271993,15.026610889782582,122.9798424594654,0.6475023556770609,773.306955559358,2
4.851389190821779,11.518113128596939,25.493093363247638,0.17226909433226337,320.7702837724195,2
3.660480759645169,14.2952090153494,129.7904671142319,0.41076076376733917,604.1242620996719,1
5.391897817680079,16.474813135630786,112.78515292946093,0.18467459008231818,410.7566658429793,2
5.2579652086427675,10.53170523430419,119.29811812950229,0.5432322353800706,429.99503373818004,1
8.884869075825058,9.898767700144159,106.38231755225087,0.6619987235541993,192.88454332691848,0
5.060337159955515,7.2587788684401255,117.72676750967771,0.5127533078387322,129.14167515594613,2
8.425857253254286,15.510095323445983,113.84481172640594,0.5462480923170339,718.1752649005089,1
10.255995708548946,13.799755093053061,92.3270932526635,0.44115437754388076,213.37797950023275,2
9.55003314545749,8.940873119278546,66.89715853961826,0.7441509819669984,546.6653287125484,2
10.126677928256886,14.894808891128285,65.54489768137324,0.8269498632650505,533.3197985721902,2
5.464039651544871,14.870382458917337,104.33737849314628,0.3805964689935104,203.88825504384522,1
8.76453184875676,13.940758187197357,98.23415907856037,0.6629785486511837,431.9050704297093,2
13.231984104685328,13.218190948376002,58.7178268670018,0.7151963602126146,762.7353786954102,0
9.87094614811237,17.631425825296457,88.41643009001854,0.7467003920949159,333.3885869591742,1
5.401261859640927,12.248009045589331,57.81430649056192,0.20589564014562867,670.8096425944834,0
10.76679156443105,10.184571431005029,29.31483503130506,0.8177559784212743,435.74801425190515,2
6.401867489105382,9.808882948990416,91.82837073926339,0.5945215128792212,366.8895587775585,2
6.194537960514593,11.042584871342328,101.5508870238004,0.20353964055712498,311.90610504794796,0
8.821041240338271,14.101934842702427,83.68265721255047,0.5263849678178487,930.5133377250902,1
5.960747268480088,15.126606208512538,47.66141104499744,0.563448065047172,918.3325625997894,1
10.178312857994637,17.68350521241473,70.83022246740612,0.27569825298874123,575.7502828262601,1
8.077468717475773,17.251989784475498,30.90976264621169,0.6043011717317144,196.69085568072995,2
3.927409786980013,16.588881632245382,61.24423335708854,0.3339069018778932,209.74102169540242,2
11.056496512891618,7.828342916479224,122.02166599999788,0.4300514409519304,886.2788012740216,2
7.074371814932796,13.876023778689973,38.69101873829875,0.20534715847104684,528.1504223366798,2
9.590574712485996,11.823205120605875,25.039678243528087,0.7877753546731784,316.0087030211153,1
13.604815698110068,12.397792592834666,113.09726321596142,0.8188677997906199,585.242492274648,1
9.040818905952046,11.391724423896108,66.77419720581203,0.7827902429454305,871.0447646507732,1
11.828821887434811,16.43790860763255,82.85571161719452,0.5270833311770587,542.3470928524893,2
4.83492307624579,11.660911887834455,65.54402923433959,0.8052290703080016,353.1338511136246,2
3.2762131273323964,15.220605610845686,51.87564102915733,0.24526779502547605,535.9192421683254,1
11.52830070311222,12.974384491969653,25.692236511364417,0.3773355494833647,122.36272362594002,1
6.511348307378346,16.371535401363072,92.55178144755185,0.22427612177331577,240.0769101367055,2
11.707198789362126,13.694272146373663,71.75099139892092,0.1830145909308577,593.1238820148801,0
5.354259837831803,12.295267446052865,59.864193858611664,0.7161771782661102,162.8652178690051,2
11.815259518848002,12.303481263532838,68.47659747654421,0.24925568258769853,623.0345562071421,2
8.766023934325645,12.56793361260839,69.65765112963058,0.3706673324077966,120.20818124780516,0
10.467440974717576,9.56573358179912,38.00976847770636,0.4719752695486408,655.7562450240551,2
13.342380024253115,7.930269651590972,67.74865969464577,0.3697424550552233,113.94861365833621,2
12.074296709319617,17.762388291084562,51.44125745603884,0.588888731355334,593.4289171566247,2
6.7475080995926096,7.171039020463325,37.70361632713093,0.7691839982199251,813.1715023883754,1
11.812605918367437,7.237689160372103,76.54679215770653,0.5352188263376663,549.0676863119897,2
3.7793413504123037,11.686558317952521,31.205374042774856,0.5900242424264175,671.5157246868346,2
4.924307869244421,15.972536471124897,93.98807828486169,0.21107411335839454,341.9992558023157,1
7.7194318882897415,7.2454859813619965,66.07226651440843,0.23954264783491902,612.6717380406025,0
8.80845392735067,12.941149027970354,54.959649962666276,0.565587670651999,546.2517635667825,0
6.597291660677168,8.563963736521648,96.36720503442692,0.2676600948650727,367.7311171459442,0
8.224028053833194,9.777185826881002,105.50073274918462,0.1744790658316498,764.1712151242247,2
5.588716287843438,9.735161353732893,47.64264555469644,0.7487662669119494,948.6074455193607,0
13.869246123123622,7.039290723891849,71.50773896119672,0.7047024019101031,503.15389043443815,0
3.7375955304503914,17.795881115596146,115.53002427924761,0.20108155094531088,499.4488023807851,0
10.928322836028459,16.515985753340537,68.06465384286119,0.4286055785986732,563.2852179033305,1
8.025613554065576,14.02107283579187,46.03188890898359,0.1856386852518271,388.2756887659913,1
4.300346497756681,10.199218986876911,48.051587449263586,0.8165497815129654,216.48834421338975,2
4.475191217009764,10.904405504408876,30.33534117210405,0.29216377665967785,311.2497110355325,1
7.987923424470955,17.46378408475634,128.49432436108407,0.22714020699916632,465.65882238569344,0
3.412596509434942,10.506616354110736,107.76586956416864,0.701448228379033,798.9855121951232,1
11.54258323221274,11.28757287784499,25.09288520535704,0.15139704189205566,346.0275752137909,1
8.062391610295318,13.107929559397878,42.94006383866251,0.7164256624498813,835.9808814138124,0
13.375194655426835,8.930899923857767,65.25753323757937,0.2464858442965623,789.9678297564843,2
12.160755922651854,16.666870511479928,53.10238757309949,0.41189124087595164,350.775231462032,1
6.796240512221134,14.066931149830836,34.90677639960478,0.5208585234771523,704.4172863454031,2
13.663610223434636,12.606358107019712,84.66751797961356,0.7638090695172323,720.664171376565,1
13.855877620984417,16.519804573023222,101.82382806659577,0.37750547915220745,163.14037371774762,0
4.394055260479458,12.38348614457831,62.24716484977897,0.2635055769121083,327.097296080291,0
4.054500932448876,13.289690168259312,86.12556139004266,0.8086759706150564,255.39529592605913,2
4.1285771246763865,9.715877733445634,126.06552274500908,0.31929127895713794,836.1470922966963,0
8.01597327411671,9.158003128287067,63.68443228110902,0.19063547841428802,549.355584099353,0
5.5734651322482325,9.052821181349405,100.07169320393211,0.5189843506943808,866.5373166161231,0
12.238249964899422,15.055710586628338,113.64991443019343,0.2460860786609411,464.2563185812827,2
11.273505095845676,11.055174540971208,68.81009061246354,0.49939573027892437,707.9491907138323,0
6.371738804782884,12.308018290441058,121.49638652786892,0.5931922686260094,294.0662854217322,2
9.108595427697978,9.134326283102714,29.186629712810696,0.8230780978821528,368.99815150989053,0
11.614781024222442,8.126930999583735,122.17473484938714,0.6350380827677108,635.7263107539154,0
3.7961038086078456,17.6112119138419,91.73251788680963,0.8381252791288542,645.3571282290168,2
9.756922292447406,7.622557489980077,122.54810129057013,0.8427159078855558,389.02515369041987,1
7.844880167085699,14.793857644797498,124.30950730970156,0.659697658664277,810.6024911239489,2
4.367611296460886,11.94701533711789,98.39389826776068,0.5093649594089814,522.1573159114305,0
8.841384902516646,12.528092770173412,46.720705815515224,0.7829927931113108,461.02985786923506,2
9.904042452805204,10.59625045266782,48.23670043459276,0.19157501486221823,689.6951216470924,0
6.101027486840719,7.084674668569994,126.93093345112874,0.25679730194722117,522.6988837860517,1
5.949265056543142,11.31628371898341,79.99380333419012,0.3056925922656712,249.34894958937184,0
13.91689055271284,17.738733554876145,87.666906825584,0.35668416475619963,908.7971767334644,0
8.975684749239573,15.547504959752036,68.70860410904152,0.31010489365687594,456.0214323182716,1
10.646472653509452,14.58817603719659,113.18141370533809,0.742512488647455,754.1872400357479,1
10.880754133226285,11.198917426204494,50.981418628340585,0.33313459140635643,123.26026860774144,2
6.633810531365606,10.57239964908829,86.90658484987654,0.17157417943623263,156.92496277819342,2
11.196168246770789,7.317378671052901,41.257133341650004,0.37824719978234894,699.5559280134025,1
13.892792923123421,9.058089838150075,88.30373348403583,0.8180476412257001,763.9272755916028,2
13.863973675143344,17.663908302037775,57.749795812042734,0.5100676937097302,906.3874532804512,0
10.493080477664105,16.217780307018202,116.74097494785694,0.5755385742313807,101.62532683797468,2
8.33584507942301,7.321023211763681,115.33506315868885,0.7550845879407803,293.51472886647264,1
4.655007431990656,17.264515325040918,123.04388566280191,0.642627422497216,150.1114860668813,1
4.886422852058324,8.623281326668604,121.30548146638888,0.6089186340612708,941.5941886125415,1
11.741095136066901,12.976607806864799,79.65340132774372,0.6458349245537685,292.6110760704755,2
11.007137164311821,9.844898550042982,65.41971526090677,0.23928037953759862,521.07692355992,2
8.097934418579735,13.864739418161943,55.476493304425034,0.7401166441833458,166.02185590596707,0
11.049943594318597,13.678738613238274,46.12427242957625,0.3263098939220693,865.3476862569382,1
3.370480495173434,13.470197516333716,37.70266647718705,0.2488382438279597,370.4308296405077,1
10.138080978099776,14.627105796865859,60.1864445833677,0.503147196890957,362.4761285207302,2
6.663493018262386,11.14989150307295,80.0521150805191,0.7650377438899393,554.5373528239875,1
7.726530914341868,12.498901308191485,25.979251710874674,0.5231006643297252,122.09967834485286,2
7.957382779114358,8.72465253642394,67.21820437167713,0.3224919725386788,780.3206290284747,2
7.179967514121708,12.903407901956065,105.15920748573984,0.36584276502854696,751.0591624725606,2
5.635113778767032,15.021579516416361,65.40009305891834,0.23437921219729502,104.11169045449586,2
3.1059040549593595,14.91717048696318,80.00507548644381,0.47491147942094025,227.03798587534703,2
13.66524670118197,7.078829896317691,103.31011781910958,0.8284176453778024,111.3811567780946,0
10.193632278170021,11.58614648534719,33.77784593099039,0.6017613420956313,877.3172823016805,2
8.441449549961494,10.32515859349844,72.98709529798974,0.27765872595831653,921.0160993927831,0
9.934961406446801,13.88353733069743,100.36181519994854,0.8164960474749262,691.2891212694386,2
3.3198595448089314,17.351034750870625,80.06797892376565,0.28696013371520157,285.947045985361,0
10.442896332677188,7.961759422473699,101.58677805419495,0.6885332299170186,311.3262131753919,0
3.142459754918544,9.372692217366902,49.51391582165225,0.4732996024527074,244.08741879524075,1
11.583255143015224,17.8822645083821,63.592884838605386,0.8075814913356412,784.0254594146535,2
12.936985484742173,11.855401534002587,29.391922139263997,0.7827523721737005,462.83457311026064,1
8.236694850252785,9.003864723558568,129.67676040756453,0.4859423293666847,610.3813165405595,2
6.246052207285,14.783405292543463,100.0353177383595,0.3444411101635261,839.1816476414916,1
8.083003839412122,17.698850977659863,43.21911458768382,0.5014239989082222,546.8888959698136,2
12.994796472076745,12.627775758247985,35.933839360112366,0.46301004815162905,455.2357115271537,0
6.5092673027921535,12.216945536704843,120.02554007054492,0.7729744003117984,466.6551856116579,1
6.5914391757098,15.680143719243283,112.57526608265407,0.33442142855685997,556.3817271347191,1
10.248873771288746,16.41443063237196,105.20693470290009,0.7167010017711057,810.7701925377169,1
5.172937347730183,8.75427386043057,124.68150927192623,0.8203192305929943,258.3550510004411,0
10.682951597571947,13.983170112434639,47.662911448813446,0.17161712158811818,258.01105630299423,0
9.46348259056056,9.643014335319915,115.77941326495828,0.4452964696886027,686.7535081094322,2
5.413514618929074,8.786258589806579,52.89429321076284,0.7947111151802111,909.4879446200293,1
13.024114107039338,13.898819210726014,68.02089763347058,0.7949705537983033,841.3716186032647,2
13.770531247624088,17.305627850356792,73.67897375727443,0.18341551565806302,750.7606968792452,1
6.242889204436501,16.83789767032944,91.14639602627042,0.23536383262105257,564.2986959553249,1
9.208783145320623,12.751483235007575,36.823136234547164,0.6576071497810856,881.2259407904023,2
4.071861821988643,15.419868426117354,106.14352148212866,0.805773793030376,765.2325625156858,2
11.32678533544835,14.840766729361519,120.40811433582306,0.5565163347244594,429.32249078347604,0
4.299250450472366,9.238099900834513,77.65190725353114,0.38564617023726955,555.3502358813821,1
8.171074615493811,13.299398558866674,39.14120772539427,0.35487504122613434,775.2300567901106,1
11.645328043670379,13.875527969738336,28.989063940904185,0.5234367544197289,214.3047093485152,1
9.24328335191187,15.522851030152125,75.73536762419185,0.7194899902259698,458.597033892143,2
13.91084750875271,13.906507576067643,63.38904057945648,0.4193423680018674,315.90216798120605,1
3.235783913272849,12.75279415279617,97.12533634010312,0.7348477744175028,347.30896674804626,0
10.948622934971095,17.033979035473212,76.16237712254053,0.38058183364662035,333.40589963600655,2
7.094885565592667,14.043810437122026,88.74228607227381,0.1741957184407432,885.5749356478186,1
4.525262364119952,12.786257167636872,93.68180635571849,0.2956654866729262,681.0480129009065,1
9.260995854040493,16.96426463727089,123.73798992916008,0.5819830705716833,513.0540722396062,1
11.293678806628309,16.993234557121482,72.83219442724717,0.41310594359556796,173.51763015668874,2
10.064137463497467,13.387627465528071,91.92790130288506,0.7862816074841626,693.9518517125731,0
11.490283456823201,10.779909865698931,94.23976381829615,0.2405251677048158,609.7776703713032,0
6.023624799829005,10.256770811609357,57.60893930403145,0.8245938411571268,574.1148158315997,0
11.19639202862835,16.711320161567755,102.15248269651242,0.6444849247862472,922.079928374152,2
8.667625951888901,15.974859417893331,110.49202672507364,0.4660857764002534,343.79879941940055,0
12.858596554831085,17.75492175400708,29.62990232185837,0.32690126509806117,510.147267503052,0
12.27135923613436,17.82782782165753,25.3827177708143,0.6868112798074384,640.7153761367608,2
9.088791452736967,7.507005591450702,64.70012318598418,0.5640031070266117,838.0690322680578,1
4.736902277637272,12.878591518770158,28.490249780551768,0.5463635016058216,244.67179375764553,1
4.532693539441792,16.91423286918711,25.905329452877986,0.4561871616741189,868.5701250283992,2
4.279338494253482,10.468053703062878,84.867622931779,0.25237315299648877,674.4707668142729,1
9.478351985777378,15.33818601558586,32.89927783888603,0.29503257262187804,702.0429646723744,0
3.0131741695887087,16.059889252514523,80.61140493928883,0.5910705885750055,566.0607704329734,1
4.206190531364324,8.660693624582239,97.81350840807997,0.4829351443164923,943.4849649356191,0
5.875033985529962,8.067290511603249,57.80313418384081,0.20235246687043565,190.49241991638496,1
11.439547061899425,8.803835552162775,34.506490201889456,0.23012154116368022,115.90961450009497,2
8.635595431197384,12.054078678458717,122.59253240569802,0.6177815793894312,585.6274070672762,1
11.297511144979213,8.55073383429571,116.86506603606237,0.5187730082141161,373.7305459318995,1
7.523878873638401,11.93081343906644,100.57317372422149,0.4294443981467767,638.877383351658,2
4.612099981619109,11.929358640305074,52.84630616957804,0.6831015136884152,465.61008015148525,1
9.657336260923309,12.41383751168662,82.30337527806539,0.37129418735828945,658.9338314230635,0
12.34598972033019,8.578738042983339,109.46108897504024,0.5731320904069369,417.43966633100143,0
13.518154256340532,16.907798181786116,75.73517910858887,0.3279432022753622,543.4021453864144,0
5.5578603002429645,14.226567772143245,123.95815941214407,0.5847858320117004,185.3825390037038,2
4.24795913237703,12.840389652855976,85.08266199566586,0.7561792626102979,512.5863944654322,2
8.548608037779953,10.59435608335311,32.72984961926159,0.22553235154762963,486.4933200543772,0
6.296330368715722,8.327565304384054,103.28967225365284,0.6571778702209914,519.6613960888492,0
6.0529639425055,15.269160767094442,55.38725696124566,0.17903233663461693,553.4053296389302,2
10.632064376950499,13.965255772515828,107.18911734028366,0.4549147705527544,365.1786616217335,1
4.237198209934033,10.03132823989883,51.076201542454996,0.764340711601118,519.6531123976376,0
12.919678069111614,13.236182450163062,105.2591123526298,0.2701407265083386,408.2882820270761,2
10.074574839606353,7.986071475978555,27.25719206452246,0.6885380995509316,911.9346827006285,2
3.1904662085350317,11.743710662969576,120.94632595899978,0.2671395188029349,933.6579706503176,1
13.098183681867901,13.785165485751147,98.9469892969521,0.3950311315877196,917.4588450687983,2
5.687652563562436,7.5633615209985265,33.46564048997253,0.7561613849666482,203.39217903946,0
9.114801993382086,16.803358479292594,29.02371237412961,0.19083689709258372,339.90749944924795,1
13.893569337725774,16.3648048917235,101.02642355098149,0.4383506414795991,199.46274932132297,1
6.912034062679105,7.511495500145755,87.55124961709295,0.495996355765999,717.8040358514877,2
13.072786160135994,7.95856142330618,68.55756311008135,0.31957324890988736,394.2091958945829,0
6.922561213692312,7.660139527575387,69.67023794636638,0.2520940353697768,245.65029657259302,0
6.1135516204119895,9.642319846531331,122.59072180672719,0.4798083817149392,804.0726938400617,1
4.561474972571178,8.100628184167778,59.20880561775004,0.5182621276753258,331.2695013350791,1
12.44436019433604,17.486581431153954,125.32104769710978,0.652932968831577,653.328870441048,0
3.08987218961627,8.827575882121367,95.87485844534255,0.687847740383909,746.8300609787295,0
4.500140562715206,12.863221125521605,78.17724346723793,0.38684859165865804,428.3821477310988,0
5.384297550777546,13.565034794506463,86.4510488015559,0.2855594248128618,222.73132084894115,0
13.558188637827605,13.599612937327048,59.601534921402354,0.22252254918728276,656.2946467308205,2
9.910677061553947,16.044878262740674,60.074150901100644,0.7530054739161447,639.3989869110686,2
3.5317462574815313,11.52861312068564,39.208050551579326,0.7545070621454223,493.95275209655836,0
3.5445285683116996,11.034813932987024,68.46516784623796,0.28382855864617373,347.6193188836445,0
12.254395703183409,17.550187396741485,124.26319053039697,0.46107845161370853,366.86735857217064,1
9.627095167462743,12.556542706500643,49.42445656887663,0.650236308243888,679.379480296265,2
9.725784324837765,12.503351158010368,117.56318793980363,0.2987987335265602,726.2062434618775,2
13.949002934937408,9.604580843189407,123.2583923604013,0.20991076980789847,795.9977129221949,0
5.0895974532172135,8.483071038142109,127.98630888569494,0.2900965473288131,634.8364962320692,2
8.800156084876537,14.814383432807162,87.97549623472909,0.2501627997946932,892.3411806030582,2
7.2769330002974435,16.23182241812905,50.883504556117586,0.6272993617496243,165.14463647144004,2
10.961770302113042,16.832489065870952,129.26694917023343,0.23674425214111783,153.51371176581804,1
4.578730801491822,12.586509132535403,101.47713409010399,0.5641651416714161,167.82123654846396,0
6.413110396713501,17.674529600345494,88.8938420109967,0.2686687274104234,874.7978426765375,0
5.592501919159908,9.022254791481227,112.37108916715172,0.741221957495869,900.7041536238379,0
4.15504107855563,10.219237106432066,90.63477556291723,0.7396609952135507,282.7300243308369,1
13.914162820045355,7.026869102812633,102.95847084959514,0.21354597069195252,519.9033405568829,2
11.305438658651648,15.791750994704834,63.355683439239925,0.3279619467000461,332.29306931744316,1
8.522585387379184,13.931362302926313,54.106215182545164,0.17229807844664075,218.28576204698584,1
4.464795467687448,17.101444971787522,39.17945232557813,0.7254878053815101,534.925077935596,2
10.644404227311261,9.820848223101912,48.601484915089486,0.6884839911025912,748.1285464275687,1
6.851362368194188,13.676255433808105,65.35808364585115,0.7749762654996597,293.5622521279043,0
6.847550666197323,12.158214537574008,56.49768775340263,0.7933852561815913,803.4423995896103,2
4.815900175827494,16.323807314070677,123.8854271678037,0.5454812982915647,592.924798973598,2
13.038928431828527,17.161069738779126,85.60969833470625,0.270241174929249,264.0168596560933,2
5.054764165928447,14.266338182708068,45.267194338376115,0.2575262122389557,447.60931491922946,2
11.670233960652336,8.812161605999048,60.73632823970182,0.7166402627511422,880.5019015779887,1
10.123807326406446,10.591623100667972,38.26747020126497,0.26424764695212943,125.55530221337649,0
9.706313372408584,12.118731901713335,29.48319879876164,0.18378334101698002,442.08081553803953,1
12.159062244673157,17.5778237228987,60.86291094189551,0.6270210610818073,168.09801291427874,2
12.57128141485513,14.870711925901581,55.31199300336708,0.19495689106984593,882.9130646767012,2
9.960560189386555,15.8024002478701,125.55216300951352,0.742779967947373,205.50725057595344,1
8.858618566166964,16.750558102202923,87.67956180517058,0.3707068583221138,859.1275044454902,0
6.412984137937972,14.330777910090783,46.267598327509354,0.7383395565216788,676.9321202632159,2
4.94518969710069,17.9562632472459,108.90367482070984,0.2839690979321119,139.6589740272642,0
11.244520120760463,10.661553616536024,69.43970843852398,0.6908017394790045,540.754606989895,1
4.678635901840506,15.444654386394323,57.797776192047884,0.1518960178979781,566.9114833504458,0
5.120243506105011,13.871311032717477,102.90323324578785,0.18702593785553295,335.18109458720323,0
12.612004771572279,14.962372557141666,93.98845555185395,0.42607622875174855,755.9780798458644,1
6.486252755803797,14.46863466896885,126.8900245257558,0.3276378208886097,876.7435618815146,2
4.678558936300427,15.913962806454842,28.05897525873589,0.25880984707338817,626.3727681034218,0
3.309843205815005,14.738060666315363,42.503449181549364,0.5872093790472543,503.38254906854655,2
9.837835739574052,13.274439307693749,86.7627596229213,0.608740422997959,408.91604753319757,2
8.59527912073871,14.40463106798681,84.61981345782766,0.5906301243247454,415.7672610483213,1
4.718732751210235,13.200916557277878,103.5960700623166,0.4273355462202243,932.1610860456798,1
3.026556711411296,9.303033014480997,39.27803269804561,0.5883623843572257,545.2589779093211,2
5.313339944977866,10.002306295228712,110.42019933274103,0.4546301479022,326.60897462571745,0
6.804215651143011,9.041214518190403,102.4515058100364,0.18814645937622962,874.9023472942018,1
7.267412708197785,15.040818238287306,37.51769780750708,0.45438503838263655,504.30533870131626,0
13.739943210182826,16.050042775209235,45.5500317809212,0.5865603121875781,124.47433989080228,1
9.749640126953954,8.675327285428724,72.73166826109295,0.34436000393395216,250.39087462897024,0
12.042483323037787,11.059227725643192,78.21729580962155,0.24462858592913395,457.54207760292655,2
3.455375631750547,16.33107215745853,79.9175400731072,0.49075577199097176,374.40462143504914,2
10.97513263252079,9.516295473612262,65.57037377904624,0.724428186640911,745.866272741975,2
6.938493774161229,16.449258741225613,123.81019215995602,0.27103511954542836,550.9737482058481,0
13.463078209955546,9.904489928242125,110.432259202632,0.28628077713301614,483.4179454714168,0
6.3110799198983045,10.700484652916215,45.431846542538565,0.16943286188894596,860.3271882036786,0
8.77712086543205,17.171249244889037,28.554493514623008,0.7062471352742412,164.66516060972776,0
13.815710318235057,17.215103621644488,54.87356849485339,0.49275868559219427,843.0882657892454,2
6.524971746798035,16.060277392871143,58.41288556766464,0.7648489026298412,272.8708314937738,2
12.731193129578783,16.812013602747072,25.032900926631214,0.625935328134266,289.61798903674367,2
6.670880728639467,16.58757836988055,124.67531606432043,0.3389748570572505,887.2798758917556,2
13.173302042315546,7.335540267923468,124.45426587103006,0.6699973083911728,637.603273708315,1
10.453783875570998,11.174734928057138,111.73860956174549,0.1940468757766727,195.54304339554488,1
12.311044469120267,12.671593640071395,82.86417235855518,0.4218824674140983,564.2710893762714,0
8.569769499823213,13.754361801087894,120.83133273948492,0.5991436947734292,571.6168018315819,2
6.311976569177203,11.792188123214393,124.25676355181045,0.6695992006295682,500.22793301829745,1
9.490541274984931,9.857575533012046,95.40595453989646,0.4404242546689695,810.5975246880795,2
5.510034955239314,7.232259414523304,111.06703069192177,0.7040140560580627,698.7891560806625,0
5.025004039851904,10.300891832152328,43.1878038224562,0.560058526622976,302.216714993051,1
13.952925781573155,12.840012285363628,74.7928130204865,0.5255177478107903,110.46339894898914,0
9.468475789841126,8.494211900148734,73.2285753741948,0.6575809990744852,642.161192866574,1
6.313904398573914,16.768042202679382,108.85343699184244,0.7594582847060329,154.42614076542827,1
6.624194164899067,10.104093600054766,91.92650309870315,0.29060597273858213,750.9626106376794,2
3.4336626246222846,15.257064403364065,82.5679109015923,0.7666223626423306,504.37561893953574,1
12.720806441654922,10.47964713248196,67.98284711381271,0.7227797283510846,122.44659966176647,0
9.627496840772483,7.250431593606363,35.44854340048692,0.7288385513766801,378.29058287097064,0
9.832889306698888,11.905156326242185,37.135474674699594,0.25352329181053157,579.0716030306924,0
9.60808704774097,13.473316291130807,50.64768224825163,0.3701624484462763,502.50421917793824,2
11.35746540492921,13.796406100257144,79.17267373292307,0.727817087948621,623.3181957844407,2
5.6674042264429305,14.08980157891688,48.84463608545358,0.42875553345787787,947.6184941347062,2
4.647795802417035,11.006869099730757,91.80729825870642,0.4304724961241573,571.1503816970444,1
10.387303622655418,17.510964972832824,118.49896737621175,0.8275354812126013,267.69534017766546,0
10.410083976349092,11.621432229510166,101.16312544766457,0.6004309672247287,713.5424807539739,0
3.895534050712761,9.388020823316523,101.07825512850329,0.344103113118597,267.67500410118265,0
9.774020555251084,14.265814039807822,127.66018232586144,0.6849046270657515,853.2209221674416,2
4.352226496076391,17.183540356937684,86.15459208653155,0.708252874632076,595.7951351994873,1
6.889054703706389,10.97712344660053,45.03314120598268,0.704656110834538,475.00085925639974,0
6.286883937476707,15.262663159669124,103.07885697015028,0.5543525808729868,358.6314733629488,2
3.2934449763466658,7.609180151515163,51.849910906460195,0.7256772249764732,448.91730756538556,0
11.978696198886208,16.260145327227498,88.94005691452116,0.39765636818424455,560.3204654874288,1
3.5519160445145603,8.755914032930335,115.15901306001248,0.3919930479371458,594.6154474578017,0
5.168589859253836,12.79738090070638,62.170022199692255,0.6710701256035119,845.8658280246614,2
12.365354664604626,11.941655282844593,111.03858985773488,0.38426024907352574,251.22975593962502,1
3.199862642163789,15.086902109661407,111.18921236585182,0.718473777215062,339.1626750424441,1
5.232540547653379,8.533078087310187,102.43919465912728,0.49041013471450345,841.7317440893542,0
13.16374333661152,12.152383851737092,60.186636221579725,0.5534757129112142,847.2743248341616,1
3.425670562183309,16.17065680778194,108.15674896081022,0.7503527976634324,854.8994223954169,0
6.202576764515234,15.134086811539891,41.93389412619061,0.45227767225230975,281.73806081854934,1
9.984953439071425,15.691453314745234,91.76419166477082,0.6175440651433891,910.2163494067365,2
13.692858073522101,11.210597971878482,44.2368312907999,0.5426688760386992,187.46513346261202,0
9.416331704233217,11.085943364248543,103.05758696047606,0.258194098268811,417.2016109356201,1
3.78765794523137,7.659133600632602,70.55013374776257,0.3156357683947876,313.88805032302315,0
7.271942239179742,12.272406982959733,113.31057009381048,0.22555550490143986,811.8247407150795,1
10.212663981698745,15.28939951028686,86.79345658206657,0.5402538002422292,879.0636989571994,0
10.60897746474838,13.274069459510446,128.81825095759208,0.5539450329612174,936.6025011961577,1
6.187667885069339,11.352164896456326,86.03340461974872,0.471365189921335,717.7784265163184,2
6.2832966260246454,17.289873117614334,43.111393724206586,0.5704986237237931,153.22627291274262,2
3.262720413506119,7.420197924057419,107.57691640097815,0.19324783463415202,665.3004835808847,2
9.126726192425046,15.85298221397809,87.27357068133239,0.8427509870483241,897.9426720326654,1
3.4408094412771084,10.869056809885185,107.6393036132668,0.2763622971913408,249.02189938328593,1
8.57905657220958,7.630153044760028,75.14169132123783,0.15406559584194365,145.66808711572153,1
12.24703605315249,11.062921866243576,53.674321201317355,0.4098949485105027,583.9501650430377,0
8.671602459593142,16.44614022006594,62.17464162715117,0.7283635766904221,834.8895650175583,2
8.418704138658331,14.114887627953387,48.08819973405081,0.4686050217495997,585.0837309284425,1
7.648139848431553,15.693913098143458,74.68477076217937,0.5820354365114673,762.9112729011767,1
10.96802296331782,14.130981707291564,54.973470424367136,0.45264960501281604,462.3288739500986,2
11.46443991678882,12.418792638216404,122.3370847600495,0.31308004199812345,322.82477490920974,0
10.468686695556894,9.918548879883879,65.13582292708153,0.5376783599481914,824.828931869855,1
12.475068048618741,10.335314388486406,117.12482323974474,0.5546052577225943,807.238677972433,1
4.1248996827096125,12.838428794047594,103.28644462886956,0.5456324136632832,156.91197627691528,2
10.679103303714161,7.88036299346494,129.72731284123432,0.7890195719865976,731.2604254436709,0
8.624676260743868,12.614597554788993,109.70637368425153,0.33495620860108666,453.60748356186735,0
7.702395450385001,15.213970989744011,38.784098299575476,0.48940063564273506,479.9505665064786,2
13.68663586260621,13.573401332604515,66.00164157802004,0.5866106056730689,628.2574843754876,1
7.596568226285566,12.732158280974936,60.452003307011665,0.3431055475147072,167.00201210773,2
4.444950322988394,13.003182724540395,30.196365019157444,0.7770891182352209,918.6525824894588,1
10.106963856205086,15.360730479498299,30.0215781531444,0.6598352969931285,850.366919091928,2
9.01353726565162,17.175748686211676,97.41696519296003,0.5675965931591612,790.1678609639355,2
3.6849235006807994,7.4510300948350325,97.85482622417607,0.5250179898649499,169.69390280694148,1
6.8025486586332695,12.271416605619086,63.230501304384624,0.7387482549536879,503.9221011460343,1
8.943090753692506,8.492833213238027,107.36220175064223,0.37921298929785113,497.7998849776223,0
6.51166197903585,12.858733045162229,47.84991172706985,0.5988058173583367,126.55418333364092,1
9.360201345134396,9.248838667112807,105.40693237266362,0.2196129135478625,634.3567861861583,0
12.525232310962204,9.516941397880421,69.72147164129845,0.8484249491902944,409.0087981058079,2
3.7659878292992466,7.736300982740201,78.89404440156926,0.4312732362061069,469.33708633147546,2
6.482254932563157,15.31512415440821,80.60692627591678,0.1937956448820989,595.9119344607045,1
7.016139829363869,17.18848298194606,124.99405232347289,0.5903427689875819,726.826895594264,0
10.632959146176532,15.658032166639943,69.91125542754632,0.39772248363354357,152.16303422270417,0
4.402607546249457,9.798942703297278,110.24420332782947,0.20681834581676725,648.1007572956294,2
13.911011314318639,11.469103466739263,61.75342121984086,0.29622750334167114,939.5421764337079,2
9.867864974721018,9.82709193293399,118.23047168524633,0.5559915169629547,434.8069710100518,2
12.862588648675032,9.834579825810362,80.59140779642325,0.4244309210637983,579.1143392487159,2
4.342932355846941,15.342596709000404,33.831288523353436,0.2890808613352084,402.61286108009483,0
11.028322701684395,11.173147513983043,26.14404939694119,0.1688411440127629,945.997360458493,1
7.111844742282716,17.23545803820835,73.4495967938926,0.22101917557924675,127.48715839666308,1
9.844757773010073,13.52067222816001,57.71155553677883,0.22214352729511333,630.3175586567443,1
8.846671616389635,8.02967748321352,44.73517510282177,0.6214558362073844,283.3702490605751,2
9.443473287831015,12.849151818568899,73.8733756127755,0.25027037671412394,491.643302763372,2
8.1131765344437,16.046821497664123,83.78106246430033,0.7921897873457553,231.8136397192972,1
5.2264395811099975,15.699381398609656,105.67504178855323,0.6654991427750455,147.51959242869808,1
9.715708461325478,7.759712333166271,121.31795013450416,0.15657929595217174,805.6119563441396,1
11.36386031483376,10.571325296850446,73.52281628809467,0.3768136592646558,560.3410971533251,2
11.971293386513077,9.597986778843937,58.43313527596193,0.417843822975276,616.7057516792505,1
9.421878665462444,10.33854956227096,30.082013817884793,0.3985764346635152,317.96749015128063,0
12.78769211837566,12.099166988072836,76.55945646550146,0.43557783748912726,295.57754371730357,0
5.465296729584516,10.383948627022784,81.63661054717628,0.8475363188799733,629.2216615464995,0
7.124936628549296,7.941387013276675,122.91776943542207,0.475762712855177,404.1289759408895,0
13.625203231303846,17.016932307227336,114.56659135602665,0.2527304038944814,801.5361419663583,2
6.099554614282948,9.43403258877319,61.69811388109524,0.6981609039232725,381.1573367563502,2
3.024679816744938,13.658907255680983,72.89734862069525,0.4565979497967072,834.6989705353149,1
11.833269278286595,9.913836108452267,82.90315957787205,0.30856086829472756,471.2807934571561,1
12.983070041022057,13.81621866921225,82.976966693854,0.6467336642082976,120.14092525957165,1
12.299732900155817,8.574875989186424,79.41230580635016,0.6798353681733397,540.9096678931749,1
10.206068076411139,10.387989819197472,30.981871491403673,0.24421059064299558,488.2218380840433,2
11.948861798842332,7.8225027332598245,35.71668814831849,0.2711736661156263,790.1278811129024,0
9.88920667015299,10.78378842605696,30.826555756006936,0.5925077128357539,659.3401921099417,0
5.338970725048728,12.607387358950099,37.765867735655775,0.32484702649965697,114.16216490485039,1
5.266459042975155,12.820310825257927,27.456641161510653,0.2673480023773333,529.0909827595794,2
10.357963252436825,15.900225183039472,93.93179944826178,0.38168551361642167,774.1633639100786,2
13.012303775673669,8.160150354229767,122.86955479117591,0.4247817412729086,156.50501164459862,2
13.284763161554528,10.15764481483266,83.9575641514179,0.3230829215062071,607.3720953605286,2
8.510163948034531,10.299774743423903,103.5066028299039,0.6403549342800914,232.55104322827657,1
5.241240587163361,7.239377708399625,70.0777854364994,0.6497071395965855,562.2974938390703,0
6.909758007586012,10.998166936285962,120.34485828570791,0.6076321645393042,893.5334158181223,0
7.701638395297392,14.958756826275824,34.59554279846383,0.7075943312127251,669.7923489820862,2
5.6173560165328755,10.12220186628608,100.31726479449011,0.8488142617091893,473.33321455047184,2
8.950460292727213,11.156524058922479,109.0513906072208,0.42545873229920583,561.2953582374064,2
11.912136969594078,7.255717827573905,124.38988112460484,0.3886764283582319,722.0742345936003,0
11.732923580633255,15.478305525544295,89.67349435419507,0.3903561724161865,558.3102314755347,1
8.003565283046235,9.688728603870725,111.41848574382156,0.4302372382597758,850.9139742156968,1
6.791998545869352,9.914618840580768,64.86038182941729,0.35260889614693147,323.33026453659045,1
8.865278903529546,15.081896502248798,42.596155219149466,0.6923425465051064,353.40399495867484,2
3.168485743320064,7.903607230300781,44.37703895719776,0.2909588604885722,330.0683848902222,2
9.341857884129496,15.640318895754548,63.42871716654751,0.23678373668699443,402.85103763360587,2
7.248841057780941,13.92047378855335,66.04109415040324,0.8324834188433294,573.7319609214776,1
4.299540525668951,9.597836290052843,108.10505075876098,0.1601034546066255,815.4200456683146,0
6.4860733740629355,8.46249985474669,59.06011674481429,0.7152093597663172,570.0131689794094,1
10.133470512716595,15.187011306953549,31.74403429884576,0.17189278786911613,818.0055964060845,2
4.891823949107761,14.452050930832055,41.948771437480836,0.27149380941725393,209.52833191218502,0
8.152897583910724,12.336261884759882,78.84831912622482,0.49993293398842364,294.1818293607694,0
7.547508591127851,9.014978417140263,25.808327403723624,0.5749673823866353,271.8914541177596,0
4.121877612327053,13.626288125592051,47.5005144028887,0.5695410868859614,907.2545051491797,1
8.20941888531438,17.079853860836224,62.83328924972255,0.5960046401975514,390.6153499073228,1
4.093386088528112,9.992497772414717,120.45182682212851,0.6605535957817866,505.74302091739486,2
8.858259469497359,15.917053299014187,85.67279425414509,0.4083814762538054,404.3743541747559,2
9.004288780166704,12.312499567988276,66.7702171478298,0.29768632734106204,848.0795678695871,0
13.854707951643272,14.344203232620053,119.26734054231122,0.8003376896499709,510.35126242400503,0
5.041142381415629,16.3922202590186,40.79573547302257,0.8256103839607976,451.24289926252777,1
11.194541994815756,16.480618556122153,52.66608129983244,0.7891186201037135,757.5431134015713,1
11.641708545430923,16.390315376465423,48.02049766309439,0.35701303096030856,292.6854595902148,2
12.44903874751619,8.328527538634964,116.76453129272176,0.3409867259993933,227.51696236684683,2
5.510754373027436,8.737568289779235,70.83112098373053,0.24050527789420725,516.4856331031874,0
6.191657234015985,8.211798453706797,122.999916932016,0.33708878321929203,918.2394760469878,2
7.758797816160883,9.865804773636285,110.60746105743931,0.605418954368504,774.3414006696754,1
11.595438300768784,7.065186023356851,80.97387326951849,0.3891556484974658,795.4096876101046,1
10.451901773759595,11.646283114120184,126.96896322215498,0.5773851571341977,369.82878061613405,2
13.715041541729654,10.71945588787146,109.23663145731796,0.7730643038475783,476.1762254383079,0
3.3457600335517115,13.748553447877075,119.60608228816483,0.5320400877874576,917.8522947285746,1
10.14486601580661,16.709247719407877,47.79581102734227,0.4321556644674317,113.26520380692597,0
11.849177666882595,17.32134521894387,125.92934379000904,0.7401255529308901,499.60432885432925,2
3.524957556862355,15.739693893926722,79.88093753932134,0.26450213363686703,346.1166039598318,0
9.043659357769261,16.667162478495662,100.46774281807505,0.17713123576245726,648.5544971051594,1
3.839605936667942,9.325109461814394,62.91602444986723,0.8108906331227008,230.95923245780438,0
8.139801533960904,10.222331563524321,66.66727343345232,0.591898447537866,643.987438170053,1
12.151367632170778,11.586221126198135,52.94923635058409,0.719970635247606,271.11638558503284,0
8.03575808496578,8.155636789087296,70.01738261293085,0.843403803147262,610.7371243042871,1
11.28883015043964,16.430471620717213,116.70183760792786,0.24832786932581322,644.9007827168853,1
9.384520292828896,9.32996089911958,101.69929837078207,0.31846031989558243,568.7185416879736,1
13.379009521614542,12.241459428367442,107.0826595706896,0.23806273666091707,346.3308948275088,1
9.497341533403734,14.377075140656714,47.71388846865409,0.33588807458247283,217.34504067449552,1
4.489837197375172,16.05284216711227,63.3031221710314,0.796624542179749,604.4905076482908,2
12.365919521614138,7.647371632411095,127.85115734412733,0.33196663288051476,678.8544515534489,0
10.643933184031756,10.105633114300426,113.93082023588985,0.5311364842801468,941.2119730476505,0
5.001173894455254,14.32932764531254,46.02816453699427,0.2706062132652511,585.5555837104719,1
6.508903336710186,16.347984880653875,95.44550505266504,0.2711383409726993,341.22246984604266,2
13.627435080814282,10.154372240510007,86.50209159992467,0.8339497119553791,734.7709885782749,1
7.298153476870555,14.75338893491595,118.02981268141735,0.8456779816089814,611.5095815575014,0
10.750513798801325,9.46577817709677,120.13581670731551,0.5649245627980958,779.925116350052,1
13.866451365031542,15.944238265652224,91.1785130614004,0.5091405313811317,211.87571173721642,0
10.954067749289866,13.865773843898296,49.905026068573655,0.8072630288580442,188.8424177795581,2
11.374277395699217,13.988769389856568,55.919601756834375,0.8052435635395025,170.01753920838246,2
8.25316109326309,9.463263615005921,55.688066955828994,0.33557326803451115,733.0431191481343,2
10.86711008970926,9.473547551494896,127.43258222101414,0.7927056817209477,895.4519537019986,0
5.146653723165015,13.746846312025855,36.0745534463931,0.6446873363072319,219.72843301709221,0
13.405996213793406,14.03060634851897,111.15389708562783,0.8352574222546484,818.2620530337914,1
7.058231670123743,12.717728388991635,89.40761200836917,0.6682254457278783,382.09891295790675,2
7.853438330116898,12.902738264715705,41.91612908371293,0.8123813560398749,875.2240803455346,2
11.095331825287525,12.645071193862007,97.79984678294826,0.45432583674424154,423.2790601276283,0
13.88907222645131,8.096302933757057,56.31209130172586,0.6972581418394721,405.6452938753672,1
9.867284312794311,12.351307418299037,30.20781868921626,0.2075848485076182,846.5984473853836,1
11.148625758517797,16.08129371700013,60.933957353877865,0.1623995390112123,560.6811186592862,1
6.236063247195792,15.59565731139202,55.695406851290485,0.309137142844757,929.658886641846,1
10.225200171974311,7.585393206557066,26.727062872392327,0.5854346870222544,764.91429791539,2
10.304278884992025,16.988988128969048,38.69561217979762,0.5944046241678435,410.5891730992558,0
6.872899034895863,8.132871004193397,32.5144963653358,0.2642502182727957,868.7383438121775,1
13.561146640449829,15.337475937971973,101.89033954064439,0.4981086927940568,768.474683665353,0
10.03616562262825,12.211575012271876,106.15213453121642,0.3967421987209838,792.6814125033857,0
10.820680835170354,14.075951858780773,47.23057050568548,0.3189372673316007,524.6545231310356,1
3.1306965550686385,15.176080725468589,114.5744418688507,0.501884933896464,309.7115313199712,0
5.797767880218219,17.817870188998,61.180244912540495,0.7968890839760374,949.0975046966201,0
9.069041665701054,7.350390228470956,124.40946463558326,0.4727574133214614,383.48498642998123,0
11.801141374444597,7.126005601570563,92.95098476485192,0.6852585938135822,351.932917666623,1
9.344258100020692,11.482807133032534,60.34326689259541,0.29774850897736527,770.3779337209095,2
5.242441332413756,17.64966606036017,102.79627409470456,0.5242245100300114,418.770152400988,0
12.132443862024177,10.178045902214544,100.08945391247632,0.6532336939708633,600.1152461545468,2
8.613380488873206,17.039272711893638,94.92535405148944,0.40497831677560203,275.7740719270306,1
10.085278006290746,9.705357819155676,62.28698832139192,0.4835105490015841,168.3265963334863,0
10.6885219549325,10.403198962753693,77.81966361859203,0.5269273193654602,316.96122990631034,1
8.978157964529277,15.459244070922205,111.55860354864875,0.3638723494128177,748.5106047405137,2
11.165202594473191,9.438015171526095,67.59640203534738,0.1877894158144047,305.291715294165,0
9.383777740046032,8.614754490994557,124.29429310060527,0.7506434327977008,562.6439812064998,2
5.073734322553109,16.71969238575451,48.69159933689795,0.40610638641585106,803.5438764122439,1
3.121862843240448,13.94789736422468,92.52624335071899,0.25806205810863253,906.2351602424693,0
9.113711045797842,9.936864476707509,94.6603064707136,0.7090924629590369,858.9859288139149,2
13.37140548953525,17.253466409359937,114.38752019070888,0.8425240524843981,793.5322645645549,1
10.302225159187913,15.76786253339457,65.32799699276677,0.5339522043547859,334.7284660282236,0
5.148652633049765,10.024285006374837,50.993891133430665,0.5981379394745688,341.3225153807985,1
6.771047983832739,8.766911976422085,50.81372734879027,0.6885256149544625,227.5921079494312,1
13.661909489910641,7.28377793654643,63.38796124218919,0.2592002394992081,168.9646338972699,1
11.015855118329423,11.201302397699532,51.265239212627044,0.8152038129516288,175.54291619979617,1
4.3040715676308725,14.445555671265815,38.064283201276204,0.5358771267991042,657.0876196013825,0
8.010491714597276,7.764134852404934,119.32030964818476,0.7884494540702455,703.2849623314651,0
7.3353556774949435,17.57804688511358,54.03782830832006,0.17891791109867775,552.2131277594899,0
7.090534795717196,11.78088747978918,73.28509713830499,0.44589222436426745,767.3183050544602,0
6.719725956966091,12.798553091890268,119.59697977285778,0.8415792741846696,147.93866464897206,0
10.208974440346497,7.3393803371335995,37.109284902842745,0.7041451670606409,410.7581941440115,0
6.901851322425421,12.416624461801922,116.18431811943442,0.5383264255599101,146.2416390694226,0
10.56152651346208,9.264969362436661,117.09578382329828,0.8480335947929014,748.2873463406075,1
3.913728568963406,9.412283902671671,30.586912472985183,0.5565760496810863,706.4069926263586,0
13.96357451873539,8.34943659346969,26.97333402336745,0.8261048587596137,388.22192708659657,2
12.017991929714395,10.22866465875498,98.47087463001829,0.6588191174750155,711.0764243879099,2
10.522789770288513,9.866082906062372,79.98938029683237,0.5672677403663472,732.8327196842478,1
7.5164532513106534,7.461314285465252,79.17578458011133,0.4311001251743787,154.65685869942996,0
9.58642955832313,8.26316291377067,50.39085329365202,0.648969593077159,887.3348706450233,0
8.34817559494562,14.377761135699494,123.151957796374,0.5917159517567738,534.569142748966,1
11.711803568733195,12.867483457707191,102.44964810249897,0.36806723697012333,805.1184650809789,1
7.038631713948833,14.403940107525642,50.44296205018555,0.42201524866533213,915.7478252291436,0
8.634996923561367,13.66496654340111,37.572443373262594,0.588473050807099,909.423591282939,1
4.531467774773532,14.281052186403517,44.23300875052936,0.5797459122299865,535.8636079251849,1
12.752088697004197,16.239693988877853,82.02671279053817,0.23982419999644486,713.8326558547149,1
10.723918417130385,8.416334980728031,94.36092357959153,0.5047020206754158,565.8437321936094,1
8.892114988468968,16.741519077904442,47.85780728856561,0.480765456638662,673.7045151847602,1
5.685194481933763,12.289983930202022,29.318129074681124,0.670077483212807,142.32269948394878,0
3.878848495694126,11.859168623739734,123.47376108591169,0.6591113687438237,363.0258960128759,2
11.434735326424677,12.20856347049164,48.35178104851345,0.5747255876783561,201.3996822723829,2
10.720576701908133,11.651789559617441,65.92534557823294,0.4830383222296075,406.9682096726833,1
11.150824545334826,10.617742636090371,72.68708496197561,0.7527111666058663,308.196169585338,0
12.104959989789904,7.37225338655006,42.12820976192493,0.503923203002972,393.08920304457484,0
3.7519228851294417,16.658003716908812,54.653116622647204,0.48212088535693143,637.106809203661,1
5.844353868710857,16.72335371648994,123.5076728772357,0.8295380272121606,833.9191586462651,0
3.1456702126987124,12.550890688512663,39.21378713190829,0.5766417593941509,233.29701109991714,1
9.951985982852015,8.543583729990349,126.38532264373019,0.18003142858219692,215.56958020741465,2
13.767315623056867,7.490754750802635,35.74500877365254,0.42248300318442944,937.0540231045743,2
7.069935403471076,8.751500171518355,96.44287831668515,0.8390873873433734,255.10492940079752,0
8.814700444528992,10.249974435567445,84.02011728028727,0.695224261701727,137.275480833755,1
10.441361680385558,14.343822394713946,103.58444188471823,0.8112060853481814,824.7693329790923,1
9.55576871551883,14.358501154216826,98.28536850173602,0.23192178269960395,831.9752856626422,0
12.567209161739033,14.217583068932957,41.47881601639091,0.4567865777126968,759.6835840296582,0
9.825120546905458,12.525515198105849,63.67897937819819,0.30339669567434707,922.6907787316816,1
7.561302118646868,11.417975110108701,119.44142840732907,0.4813119504323814,223.05921962498752,0
3.4101243010291116,10.733590441747207,28.140842491156526,0.8220188342760569,632.7119380853323,0
5.548215374978204,7.953565352972575,37.545891707109455,0.4580187299651416,530.6911686351859,0
5.3242704387996405,13.191284637276162,101.24270529983872,0.8306830799236636,841.836419292481,1
7.716027726703734,13.761997589511779,27.651355118180817,0.4599040284275627,736.8241703757271,0
11.787921641952764,16.688909482429914,29.715759755314327,0.8193265218067837,534.45973077097,2
8.80939343405387,7.549557934136676,43.058397096634636,0.6318984816587302,852.9750264035865,0
5.0099194911215,7.0034969997979895,82.37315010374162,0.8204129162136848,802.7336730228418,0
3.034932265636579,9.857440761668764,78.4836163500764,0.26412772471577617,171.4585937466584,0
12.44142161053918,17.50262873818849,94.10563414152506,0.31227155785564364,181.7317080579652,1
6.912419122741978,12.798875593207566,32.762425253236465,0.5268568237861033,275.38977824561374,0
11.356733818559816,9.132184112342241,125.68116206700074,0.40666700744820317,393.78454404327454,2
12.517619346084993,17.18347372092468,127.89373123186022,0.7645745598097501,207.56766874840042,1
9.439024255133926,12.870898601826987,112.79172571314099,0.7506870942654728,312.31819014105236,0
6.94328778114403,10.668501332498849,30.152489791815906,0.5498577537018793,188.59670041039604,2
3.050150494608003,9.877207294969265,107.31005651891165,0.25938716101726356,282.9323823094768,0
6.131353713699424,17.85732286357426,98.49534303963075,0.683937236209547,490.9668781939679,1
13.021710017819899,8.519337947211653,101.45870585705532,0.4145547990080942,501.64441343478654,1
6.736387969529705,14.916723616859073,79.26758312738257,0.26250491863456926,164.63099378267006,0
5.436817819025781,11.658114878202635,127.96514271644915,0.7887913370199033,282.53038036420327,2
5.818060997910891,16.298795394041505,53.54636696925841,0.7710200617037988,564.7456209029202,2
12.692239063407442,17.780277028824266,129.00732055270834,0.5953459927696337,589.869786769731,0
12.933680803831255,16.255717381535113,98.49032353429189,0.6199721658455445,295.10689310865223,1
5.522992490668308,7.499639790849942,31.941135285224398,0.6486387408911437,616.3508517185031,1
11.48933611524198,8.029363185493317,117.73662538346544,0.3076448370557189,112.45066689896763,1
12.35873274947969,16.039773120846487,59.51484463937314,0.6463557930276501,916.8723079347933,0
9.906071265429826,11.985722028476955,85.85491435468214,0.22871526867142655,710.3669036082306,2
9.746253566256671,13.085327154225055,121.47060184075742,0.1559317868973195,822.3533725027805,2
11.85759002807063,17.671254000868345,86.35117417691168,0.3828895784943998,857.8037587183624,2
4.012501137214136,11.262535909120917,113.25395754931586,0.8135202829081282,628.4815449107132,1
4.524487673660736,15.942951974595672,34.68832592607608,0.7274961798502334,450.11569500522177,1
11.109303467213905,16.890232961327943,86.85672613878701,0.30089911236539785,680.0634675307507,0
11.504481548751054,15.57397544247618,77.43284997328587,0.692514912306333,683.0655584726683,2
12.514432428112656,12.656699440051575,84.56310922759323,0.3374426522682642,498.487944200734,2
7.525379007069462,13.719995429411982,98.75936713669117,0.6636184095684865,115.06199820210514,2
13.613856166422604,17.847964067377113,127.90186487928085,0.596274209653147,518.1171014217418,0
11.440311159059206,17.40180871082372,92.76488470799958,0.7371216600521365,636.5129339360043,1
12.000063054791594,12.082395064480247,62.78200633959265,0.6723476770025338,549.1895479369404,1
7.959587310579559,7.146513699965612,62.07957428989093,0.7015368803269076,567.7051962520586,1
10.301863859665705,17.68315799405211,38.57850328916883,0.2403643197647571,508.16499579291184,1
3.1751766718072068,14.306391029852556,34.70179396166195,0.44119355767378876,628.9942347480368,0
4.968000966096796,10.647313537391696,106.86629212100195,0.3997195760211934,566.7078759627925,0
6.657654137187967,15.416023899266197,55.39399473383105,0.36056567066110623,134.4699402552552,2
10.147000667287086,14.680330400998372,27.875976661337354,0.3389750009363933,926.9584954709511,0
7.817914680164445,10.38127364713702,122.41432977526225,0.19371070036575508,789.9625798680072,2
4.9896374863348605,9.400007719143153,128.6180561474054,0.41232721261236027,148.78838430080793,0
7.470492399258236,13.769189639950856,31.953793934519688,0.5046463104561306,809.1489876566362,1
9.988028942004167,8.8688538404426,114.33821995845393,0.7192835067626531,284.4563125386373,0
5.6712326396348836,7.06378899781028,68.08782604073049,0.24844738917939627,206.07822305991382,0
10.2351289909951,9.381305470367927,32.7166922253001,0.4818455524911085,497.5841470382561,0
10.98458068632414,9.30922818525556,45.19967418569982,0.5287913570155475,563.4734201132771,2
12.95141976569628,12.819196640237658,52.678111286715286,0.42613628587545893,865.7169506417337,1
4.26310993809438,12.141542824800627,76.96749061868404,0.6800359853150971,277.6741891099259,0
9.717772993908667,16.56215136505275,71.817694466213,0.44785865046646445,394.5709113795413,1
5.701564939276496,14.811372595894518,44.5727715994052,0.8020911973185864,424.32173430202437,0
4.858484667498662,12.604252750982095,29.45892333049323,0.3413580936683214,925.5705725597883,1
10.243033859587088,8.741021645551333,80.2589760480357,0.7610150383686245,904.1003466530182,0
8.771681440418945,16.985741574204962,59.31022590529953,0.6905446094661413,590.817209004487,2
8.488103223042849,8.370321851394417,109.15557412892946,0.29783294671856053,906.1171241595003,1
12.953868198877181,11.810137202651894,86.9173214797882,0.472932020386152,442.28721334061794,1
7.270444193951196,17.266704303670224,70.62344384309375,0.5601595960699359,649.6755359927723,1
8.21909131153198,11.769005981789899,109.21774119563973,0.16846026690118576,228.83511175312765,2
9.286900851942745,12.717434301964229,37.31379769522127,0.5153163964340345,273.4749615715329,0
3.1606296905246736,12.665886652613219,71.71141526203479,0.291758954589843,680.7729841309521,1
12.95859751899841,11.615221802496729,114.27765239292837,0.4783784422523345,850.3383274776892,0
8.238962575606166,7.2076048765291425,100.17485801354047,0.21645678181922862,295.6470754450437,1
12.473093334079552,8.80389196430772,54.78676791168295,0.5153672626548932,793.4336666238199,1
7.8152584789442745,7.6380568902697075,54.99390978562933,0.691030410433778,721.9990217638629,1
11.439166755423074,12.782258222854662,28.348455368609464,0.510968834511333,257.8014685087712,0
7.441440843691269,8.20993486399271,56.46270665247579,0.6102244447016849,713.1289394138906,0
10.66824072407153,9.823820580638523,31.35591553050796,0.3273106613265222,507.42001923131886,1
4.971558349050325,7.410337072467488,99.91201431000773,0.5417728198300407,662.1010829514704,0
3.8745880009559555,8.908959061471043,108.43520503767833,0.7514293471001626,651.472170896271,0
13.566107030077665,17.91723262179478,121.44917837124775,0.2738528064812148,900.0613595155673,2
12.91187086898927,7.828499449552204,71.50350841088743,0.4588042434705616,219.1007725591773,2
11.09422222088156,15.35443619030924,31.435134348123732,0.21692582628558704,880.0642618396133,1
5.109025891881282,15.333325768056223,34.29328812124498,0.5419795928445819,271.0625792029597,2
3.514997997994117,16.594584530800716,53.92888096788968,0.27390311597425515,500.6214402105072,0
7.5244900319673915,7.140413078013298,56.79992554574574,0.4192065264908482,854.4565603340785,2
3.1904736980378976,7.7900608134168845,119.11315611340706,0.2914319456482134,560.4872409508304,1
6.232873855635592,14.83720020196954,42.536609677512644,0.5195427349489,800.8440348675865,1
9.049223817427027,7.48124231898359,74.96429065819585,0.4591217481306,574.7669731056394,2
7.191272056474718,10.074271818250844,108.12396479431813,0.2057742133030756,197.97931152055833,1
8.502186218945724,17.964189666216804,110.55104401712856,0.7707976094980571,119.87841409166296,1
4.193267553995129,14.324967666587716,83.51898544852301,0.5484298338676384,329.3587505092927,1
9.38859582980419,8.888358118987426,127.20143039332117,0.6499611108551548,544.1520120740588,0
11.343259413741908,10.161357174505348,64.29406626395823,0.24313304356939833,949.6995906590515,0
